Player Name,Team,Position,Salary,Years,Total Value,Average Annual,Normalized Name,ab,pa,hit,single,double,triple,home_run,strikeout,walk,k_percent,bb_percent,batting_avg,slg_percent,on_base_percent,on_base_plus_slg,xba,xslg,woba,xwoba,xobp,xiso,avg_swing_speed,fast_swing_rate,blasts_contact,blasts_swing,squared_up_contact,squared_up_swing,avg_swing_length,swords,exit_velocity_avg,launch_angle_avg,sweet_spot_percent,barrel_batted_rate,hard_hit_percent,avg_best_speed,avg_hyper_speed,whiff_percent,swing_percent
"Ohtani, Shohei",Dodgers,DH/RHP,70000000,10,700000000,70000000.0,Shohei Ohtani,636,731,197,98,38,7,54,162,81,22.2,11.1,0.31,0.646,0.39,1.036,0.314,0.66,0.431,0.442,0.396,0.347,76.3,64.1,25.3,17.8,37.3,26.3,7.8,10,95.8,16.2,37.8,21.5,60.1,106.727792385,98.772122364,29.8,47.3
"Judge, Aaron",Yankees,OF,40000000,9,360000000,40000000.0,Aaron Judge,559,704,180,85,36,1,58,171,133,24.3,18.9,0.322,0.701,0.458,1.159,0.31,0.723,0.476,0.479,0.449,0.413,77.2,75.1,25.6,18.0,33.7,23.7,8.2,16,96.2,19.0,40.8,26.9,61.0,107.20043567,99.103701521,30.7,42.0
"Rendon, Anthony",Angels,3,38571429,7,245000000,35000000.0,Anthony Rendon,206,238,45,35,10,0,0,35,23,14.7,9.7,0.218,0.267,0.307,0.574,0.224,0.313,0.264,0.286,0.314,0.089,68.3,1.9,9.5,8.4,38.3,34.0,6.7,4,87.9,14.1,31.4,2.3,37.1,97.612997471,92.991806897,12.5,40.1
"Trout, Mike",Angels,OF,37116667,12,426500000,35541666.67,Mike Trout,109,126,24,11,1,2,10,27,16,21.4,12.7,0.22,0.541,0.325,0.866,0.271,0.591,0.365,0.405,0.37,0.32,75.7,56.9,14.9,12.2,24.0,19.7,7.6,4,89.2,25.2,40.2,17.1,41.5,101.782849756,94.924062683,20.5,42.5
"Seager, Corey",Rangers,SS,35000000,10,325000000,32500000.0,Corey Seager,475,533,132,81,21,0,30,96,53,18.0,9.9,0.278,0.512,0.353,0.865,0.289,0.561,0.365,0.39,0.364,0.272,72.3,20.9,19.5,15.3,33.3,26.1,6.6,14,92.1,13.5,38.6,15.2,50.7,103.274395474,96.157523456,23.4,53.0
"Correa, Carlos",Twins,SS,33333333,6,200000000,33333333.0,Carlos Correa,319,367,99,63,20,2,14,61,40,16.6,10.9,0.31,0.517,0.388,0.905,0.278,0.455,0.385,0.358,0.363,0.177,74.5,45.4,19.9,16.2,32.2,26.2,7.3,4,90.3,8.9,34.4,9.2,44.7,102.536128244,95.462669198,20.4,44.6
"Arenado, Nolan",Cardinals,3,32675167,8,260000000,32500000.0,Nolan Arenado,578,635,157,118,23,0,16,92,44,14.5,6.9,0.272,0.394,0.325,0.719,0.255,0.356,0.314,0.296,0.312,0.101,70.7,12.8,9.2,7.8,32.3,27.6,8.2,29,86.3,16.9,35.9,3.2,31.6,96.924147927,92.483246402,17.2,46.8
"Lindor, Francisco",Mets,SS,32477639,10,341000000,34100000.0,Francisco Lindor,618,689,169,96,39,1,33,127,56,18.4,8.1,0.273,0.5,0.344,0.844,0.283,0.528,0.363,0.379,0.353,0.246,72.3,23.2,18.9,14.4,37.6,28.6,7.6,14,90.9,17.0,35.4,13.6,47.4,101.098117236,95.07615815,23.7,48.7
"Stanton, Giancarlo",Yankees,DH,32000000,13,325000000,25000000.0,Giancarlo Stanton,417,459,97,50,20,0,27,143,38,31.2,8.3,0.233,0.475,0.298,0.773,0.249,0.509,0.33,0.352,0.315,0.26,81.3,98.7,27.6,18.8,30.5,20.8,8.6,15,94.6,14.7,34.8,20.7,55.3,108.185328759,99.180033333,34.4,46.8
"Soto, Juan",Yankees,OF,31000000,,0,0.0,Juan Soto,576,713,166,90,31,4,41,119,129,16.7,18.1,0.288,0.569,0.419,0.988,0.316,0.646,0.421,0.462,0.445,0.33,75.5,60.3,25.9,21.0,39.5,32.0,7.3,30,94.2,10.7,35.4,19.7,57.0,105.650123728,97.994705143,21.5,37.2
"Bregman, Alex",Astros,3,30500000,5,100000000,20000000.0,Alex Bregman,581,634,151,93,30,2,26,86,44,13.6,6.9,0.26,0.453,0.315,0.768,0.257,0.417,0.331,0.319,0.314,0.16,71.4,11.8,13.3,11.9,37.9,33.8,7.0,7,89.1,18.2,34.9,6.4,40.5,98.986527952,93.684160984,12.8,44.9
"Altuve, Jose",Astros,2,29000000,7,163500000,23357142.86,Jose Altuve,628,682,185,134,31,0,20,119,47,17.4,6.9,0.295,0.439,0.35,0.789,0.262,0.399,0.344,0.316,0.321,0.137,69.4,13.1,9.0,7.1,33.4,26.3,7.8,10,86.5,14.1,35.4,6.5,31.2,97.323672581,92.693762581,22.1,51.5
"Bryant, Kris",Rockies,1,28000000,7,182000000,26000000.0,Kris Bryant,133,155,29,22,5,0,2,48,13,31.0,8.4,0.218,0.301,0.323,0.624,0.211,0.315,0.287,0.29,0.317,0.104,69.5,2.7,10.3,6.8,27.4,18.3,7.9,3,85.1,18.5,39.5,4.7,30.2,96.785346744,92.39417314,36.9,47.7
"Harper, Bryce",Phillies,1,27538462,13,330000000,25384615.38,Bryce Harper,550,631,157,85,42,0,30,138,76,21.9,12.0,0.285,0.525,0.373,0.898,0.267,0.474,0.38,0.357,0.358,0.206,74.1,41.5,17.6,13.1,28.1,21.0,7.3,14,91.1,13.5,36.1,10.6,48.2,102.531835097,95.63882949,26.7,52.9
"Bellinger, Cody",Cubs,OF,27500000,3,80000000,26666667.0,Cody Bellinger,516,569,137,93,23,3,18,89,45,15.6,7.9,0.266,0.426,0.325,0.751,0.242,0.391,0.322,0.301,0.305,0.149,69.0,5.2,9.7,7.7,38.6,30.6,7.6,22,87.8,17.4,32.9,6.3,32.9,97.314029213,92.768351065,22.2,49.8
"Turner, Trea",Phillies,SS,27272727,11,300000000,27272727.0,Trea Turner,505,539,149,103,25,0,21,98,27,18.2,5.0,0.295,0.469,0.338,0.807,0.264,0.419,0.349,0.318,0.309,0.155,71.7,17.9,13.5,10.0,34.0,25.3,7.6,15,89.1,11.5,30.9,6.9,40.7,99.706063382,94.073107543,26.1,53.7
"Devers, Rafael",Red Sox,3,27066581,10,313500000,31350000.0,Rafael Devers,525,601,143,76,34,5,28,147,67,24.5,11.1,0.272,0.516,0.354,0.87,0.272,0.509,0.364,0.364,0.355,0.238,72.5,27.9,19.4,13.8,32.7,23.3,7.4,24,93.2,11.6,35.2,13.0,52.6,104.597925864,97.090537461,30.9,50.9
"Betts, Mookie",Dodgers,SS,26158692,12,365000000,30416666.67,Mookie Betts,450,516,130,82,24,5,19,57,61,11.0,11.8,0.289,0.491,0.372,0.863,0.282,0.447,0.371,0.356,0.368,0.165,69.1,9.8,11.4,9.9,41.2,35.8,6.9,20,89.9,21.4,39.3,6.0,39.5,98.50877402,93.575257103,14.9,40.4
"Swanson, Dansby",Cubs,SS,26000000,7,177000000,25285714.0,Dansby Swanson,534,593,129,84,27,2,16,144,54,24.3,9.1,0.242,0.39,0.312,0.702,0.244,0.416,0.307,0.321,0.316,0.172,71.7,12.8,15.4,11.3,33.4,24.4,7.4,22,89.4,10.4,32.6,9.2,42.7,100.210263655,94.404024529,28.7,48.7
"Semien, Marcus",Rangers,2,26000000,7,175000000,25000000.0,Marcus Semien,650,718,154,102,27,2,23,105,64,14.6,8.9,0.237,0.391,0.308,0.699,0.251,0.391,0.306,0.313,0.321,0.14,68.3,4.2,11.9,9.8,37.5,30.7,7.7,27,87.4,17.0,33.0,6.6,35.2,97.806210919,93.005121934,20.2,50.0
"Bogaerts, Xander",Padres,2,25454545,11,280000000,25454545.0,Xander Bogaerts,428,463,113,86,15,1,11,79,28,17.1,6.0,0.264,0.381,0.307,0.688,0.262,0.382,0.3,0.305,0.308,0.119,70.7,15.3,13.0,10.8,36.9,30.7,7.2,10,88.1,10.9,32.1,5.1,33.2,98.125304802,93.133969802,18.3,44.2
"Goldschmidt, Paul",Cardinals,1,25333333,5,130000000,26000000.0,Paul Goldschmidt,599,654,147,91,33,1,22,173,47,26.5,7.2,0.245,0.414,0.302,0.716,0.255,0.45,0.31,0.329,0.311,0.195,72.5,24.3,18.0,13.3,33.5,24.8,7.8,10,91.2,13.1,34.3,10.7,49.6,101.892583709,95.666428146,27.4,47.7
"Freeman, Freddie",Dodgers,1,25144772,6,162000000,27000000.0,Freddie Freeman,542,638,153,94,35,2,22,100,78,15.7,12.2,0.282,0.476,0.378,0.854,0.278,0.466,0.365,0.367,0.377,0.188,69.8,9.7,13.4,10.9,34.1,27.7,6.8,10,89.4,14.3,43.1,9.1,41.8,100.349133067,94.527301044,20.2,49.4
"Yelich, Christian",Brewers,OF,24170234,9,215000000,23888888.89,Christian Yelich,270,315,85,59,12,3,11,58,40,18.4,12.7,0.315,0.504,0.406,0.91,0.294,0.471,0.391,0.373,0.388,0.177,73.2,34.7,17.9,14.0,32.8,25.6,7.5,9,91.1,5.2,32.2,7.9,46.7,103.017733429,96.008981238,23.1,45.7
"Story, Trevor",Red Sox,SS,22500000,6,140000000,23333333.33,Trevor Story,94,106,24,15,7,0,2,33,11,31.1,10.4,0.255,0.394,0.34,0.734,0.193,0.29,0.318,0.255,0.284,0.097,68.8,8.1,10.5,7.3,23.3,16.1,7.2,2,86.1,18.6,37.7,6.6,29.5,96.376017419,92.31155377,30.3,52.3
"Olson, Matt",Braves,1,22000000,8,168000000,21000000.0,Matt Olson,600,685,148,81,37,1,29,170,71,24.8,10.4,0.247,0.457,0.333,0.79,0.247,0.448,0.339,0.341,0.336,0.201,73.8,38.5,15.1,11.2,26.5,19.5,7.3,11,91.5,16.1,35.4,12.4,47.4,102.726279537,95.899543218,26.3,49.7
"Riley, Austin",Braves,3,21000000,10,212000000,21200000.0,Austin Riley,425,469,109,62,26,2,19,118,37,25.2,7.9,0.256,0.461,0.322,0.783,0.267,0.505,0.338,0.361,0.334,0.238,75.2,53.6,20.2,15.1,32.7,24.4,7.5,24,93.3,15.9,37.2,14.9,53.4,103.77151961,96.882758664,27.5,50.1
"Happ, Ian",Cubs,OF,21000000,3,61000000,20333333.0,Ian Happ,569,657,138,77,34,2,25,168,80,25.6,12.2,0.243,0.441,0.341,0.782,0.243,0.446,0.341,0.345,0.342,0.203,72.4,23.7,15.1,11.0,31.8,23.2,7.0,18,90.8,15.1,37.0,11.7,45.2,101.590666318,95.287992294,27.9,45.9
"Suzuki, Seiya",Cubs,OF,21000000,5,85000000,17000000.0,Seiya Suzuki,512,585,145,91,27,6,21,160,63,27.4,10.8,0.283,0.482,0.366,0.848,0.255,0.453,0.365,0.346,0.343,0.198,73.0,35.0,18.0,13.8,33.4,25.7,7.2,17,91.7,16.2,38.8,11.5,49.2,102.565369326,95.834191408,24.5,39.6
"Marte, Starling",Mets,OF,20750000,4,78000000,19500000.0,Starling Marte,335,370,90,67,13,3,7,81,27,21.9,7.3,0.269,0.388,0.327,0.715,0.287,0.425,0.313,0.337,0.344,0.138,72.4,27.0,17.2,12.4,33.6,24.2,7.3,12,89.8,4.3,37.1,6.9,42.9,101.20205624,94.944189,28.4,50.2
"Alonso, Pete",Mets,1,20500000,,0,0.0,Pete Alonso,608,695,146,81,31,0,34,172,70,24.7,10.1,0.24,0.459,0.329,0.788,0.242,0.461,0.34,0.343,0.332,0.219,75.3,53.0,18.4,14.0,29.6,22.5,7.3,20,89.8,14.4,30.5,13.2,46.4,102.785114727,95.699086105,24.7,42.9
"Nimmo, Brandon",Mets,OF,20500000,8,162000000,20250000.0,Brandon Nimmo,571,663,128,77,25,3,23,158,77,23.8,11.6,0.224,0.399,0.327,0.726,0.244,0.408,0.321,0.335,0.346,0.164,73.3,35.8,15.8,12.4,31.3,24.5,7.3,22,91.9,11.2,33.7,9.1,47.4,101.264982933,95.221659687,23.4,44.8
"Castellanos, Nick",Phillies,OF,20000000,5,100000000,20000000.0,Nick Castellanos,606,659,154,97,30,4,23,139,41,21.1,6.2,0.254,0.431,0.311,0.742,0.271,0.441,0.321,0.333,0.327,0.17,71.9,22.6,12.7,9.0,33.7,23.8,7.6,12,88.4,15.2,39.0,8.1,38.2,99.266703034,93.738511581,30.1,58.0
"Schwarber, Kyle",Phillies,DH,20000000,4,79000000,19750000.0,Kyle Schwarber,573,692,142,82,22,0,38,197,106,28.5,15.3,0.248,0.485,0.366,0.851,0.256,0.512,0.366,0.38,0.374,0.256,77.5,78.0,22.9,16.4,32.0,22.9,7.7,38,93.6,15.0,31.8,15.6,55.5,105.154527813,97.529843438,32.0,39.9
"Perez, Salvador",Royals,C,20000000,4,82000000,20500000.0,Salvador Perez,590,652,160,105,28,0,27,129,44,19.8,6.7,0.271,0.456,0.33,0.786,0.275,0.522,0.335,0.36,0.334,0.248,73.2,33.4,17.8,13.2,33.6,24.9,7.9,15,91.1,19.0,39.4,12.2,44.8,101.856275647,95.341857371,27.8,57.8
"Guerrero Jr., Vladimir",Blue Jays,1,19900000,,0,0.0,Vladimir Guerrero Jr.,616,697,199,124,44,1,30,96,72,13.8,10.3,0.323,0.544,0.396,0.94,0.321,0.567,0.398,0.408,0.395,0.247,75.9,57.4,24.2,19.4,34.5,27.7,7.7,9,93.8,7.4,35.1,13.7,54.9,105.663720766,97.649346073,21.5,48.0
"Yoshida, Masataka",Red Sox,OF,18600000,5,90000000,18000000.0,Masataka Yoshida,378,421,106,75,21,0,10,52,27,12.4,6.4,0.28,0.415,0.349,0.764,0.258,0.394,0.336,0.322,0.331,0.136,70.9,15.2,13.3,11.7,34.1,30.1,7.3,4,88.0,10.5,36.3,5.5,37.5,99.0909025,93.581912866,14.6,45.4
"Ozuna, Marcell",Braves,DH,18000000,4,65000000,16250000.0,Marcell Ozuna,606,688,183,113,31,0,39,170,74,24.7,10.8,0.302,0.546,0.378,0.924,0.286,0.572,0.395,0.402,0.368,0.286,74.0,42.2,20.2,13.9,33.8,23.2,7.4,4,92.1,14.4,40.5,15.5,53.4,103.338991136,96.489686128,31.4,46.8
"Contreras, Willson",Cardinals,C,18000000,5,87500000,17500000.0,Willson Contreras,301,358,79,47,17,0,15,96,45,26.8,12.6,0.262,0.468,0.38,0.848,0.258,0.455,0.37,0.365,0.377,0.197,75.9,61.6,18.8,12.5,27.9,18.6,7.9,13,91.6,14.2,32.7,11.2,46.8,103.712134757,96.17214078,35.0,49.8
"Chapman, Matt",Giants,3,18000000,3,54000000,18000000.0,Matt Chapman,575,647,142,74,39,2,27,158,64,24.4,9.9,0.247,0.463,0.328,0.791,0.25,0.451,0.34,0.341,0.332,0.201,76.6,64.1,18.5,14.1,28.1,21.5,7.5,21,93.2,16.2,31.3,12.6,48.3,104.356012981,96.727633301,23.5,44.6
"Conforto, Michael",Giants,OF,18000000,2,36000000,18000000.0,Michael Conforto,438,488,104,54,27,3,20,118,42,24.2,8.6,0.237,0.45,0.309,0.759,0.257,0.479,0.327,0.35,0.329,0.222,74.1,42.9,17.5,13.4,33.0,25.3,7.4,5,90.2,14.8,33.7,11.8,46.0,101.95530559,95.249550592,25.2,44.8
"Benintendi, Andrew",White Sox,OF,17100000,5,75000000,15000000.0,Andrew Benintendi,477,522,109,69,20,0,20,96,41,18.4,7.9,0.229,0.396,0.289,0.685,0.243,0.389,0.298,0.303,0.303,0.146,68.0,1.0,9.1,7.3,39.8,31.9,6.7,12,88.0,16.1,36.5,6.3,34.4,97.17823,92.764984068,21.1,48.0
"Machado, Manny",Padres,3,17090909,11,350000000,31818182.0,Manny Machado,593,643,163,104,30,0,29,124,45,19.3,7.0,0.275,0.472,0.325,0.797,0.272,0.461,0.34,0.338,0.325,0.189,75.3,53.6,20.7,16.3,31.6,24.8,7.8,25,92.5,12.7,33.8,11.0,48.8,103.370494128,96.17209183,24.4,51.6
"Haniger, Mitch",Mariners,OF,17000000,3,43500000,14500000.0,Mitch Haniger,380,423,79,55,12,0,12,126,40,29.8,9.5,0.208,0.334,0.286,0.62,0.216,0.364,0.277,0.292,0.294,0.148,72.9,26.1,16.5,11.5,34.8,24.2,7.1,22,90.6,13.7,31.0,9.0,45.9,101.021551732,95.105264331,32.3,44.0
"Rizzo, Anthony",Yankees,1,17000000,2,40000000,20000000.0,Anthony Rizzo,337,375,77,57,12,0,8,65,27,17.3,7.2,0.228,0.335,0.301,0.636,0.24,0.34,0.285,0.297,0.314,0.101,68.5,7.8,9.1,7.3,32.1,25.6,6.8,4,86.7,14.3,31.0,4.0,33.2,97.798203577,92.909990255,19.3,49.1
"Bell, Josh",Marlins,1,16500000,2,33000000,16500000.0,Josh Bell,538,603,134,90,23,2,19,120,51,19.9,8.5,0.249,0.405,0.319,0.724,0.239,0.396,0.317,0.31,0.311,0.157,70.4,15.0,15.4,11.6,36.1,27.2,7.9,14,88.9,10.5,31.4,7.6,40.1,100.078711292,94.16958744,26.8,48.8
"Buxton, Byron",Twins,OF,15142857,7,100000000,14285714.29,Byron Buxton,355,388,99,51,27,3,18,99,20,25.5,5.2,0.279,0.524,0.335,0.859,0.264,0.502,0.366,0.353,0.322,0.238,74.3,41.8,16.7,11.7,31.5,22.0,8.1,12,91.7,19.8,39.5,13.2,48.1,102.451274806,95.815194845,32.1,54.0
"LeMahieu, DJ",Yankees,3,15000000,6,90000000,15000000.0,DJ LeMahieu,201,228,41,34,5,0,2,35,19,15.4,8.3,0.204,0.259,0.269,0.528,0.244,0.365,0.239,0.299,0.31,0.12,67.3,5.3,11.3,9.5,38.5,32.6,7.1,9,88.5,1.9,31.8,5.8,37.6,98.271498488,93.240584302,17.5,44.6
"Torres, Gleyber",Yankees,2,14200000,,0,0.0,Gleyber Torres,587,665,151,110,26,0,15,136,65,20.5,9.8,0.257,0.378,0.33,0.708,0.24,0.368,0.313,0.307,0.317,0.128,70.2,9.2,10.7,8.6,33.6,26.8,7.2,23,88.6,15.0,38.2,6.3,35.4,98.295655921,93.36890443,22.9,45.7
"Marte, Ketel",Diamondbacks,2,13600000,5,76000000,15200000.0,Ketel Marte,504,583,147,86,23,2,36,106,65,18.2,11.1,0.292,0.56,0.372,0.932,0.294,0.538,0.391,0.392,0.378,0.244,73.7,40.5,20.3,16.2,38.2,30.6,7.6,6,94.0,9.4,33.7,12.3,53.8,103.991137178,96.920444406,21.3,48.2
"Smith, Will",Dodgers,C,13550000,10,140000000,0.0,Will Smith,476,544,118,72,24,2,20,105,51,19.3,9.4,0.248,0.433,0.327,0.76,0.24,0.443,0.326,0.331,0.323,0.204,67.9,3.3,11.1,9.0,33.6,27.1,7.2,28,89.4,18.7,38.3,10.8,42.0,99.318269153,93.929159392,20.9,46.2
"Turner, Justin",Blue Jays,DH,13000000,,0,0.0,Justin Turner,460,539,119,84,24,0,11,95,59,17.6,10.9,0.259,0.383,0.354,0.737,0.252,0.383,0.327,0.328,0.352,0.131,65.1,0.8,5.0,4.3,32.5,27.9,6.3,16,87.1,17.8,40.1,4.6,32.5,96.702342312,92.434680753,17.0,45.4
"Taylor, Chris",Dodgers,OF,13000000,4,60000000,15000000.0,Chris Taylor,213,246,43,31,7,1,4,76,28,30.9,11.4,0.202,0.3,0.298,0.598,0.218,0.343,0.272,0.297,0.313,0.125,70.1,6.9,8.4,6.0,27.4,19.5,7.2,14,85.9,16.9,42.9,7.1,28.6,97.10671942,92.58514587,31.3,47.7
"Candelario, Jeimer",Reds,3,13000000,3,45000000,15000000.0,Jeimer Candelario,427,463,96,51,23,2,20,114,27,24.6,5.8,0.225,0.429,0.279,0.708,0.221,0.364,0.304,0.28,0.276,0.143,68.4,5.1,9.9,7.2,34.3,24.7,7.8,18,86.9,12.4,33.9,8.2,34.5,97.855535823,92.968221397,29.1,51.7
"Blackmon, Charlie",Rockies,DH,13000000,,0,0.0,Charlie Blackmon,449,499,115,74,24,5,12,86,43,17.2,8.6,0.256,0.412,0.329,0.741,0.249,0.365,0.323,0.306,0.323,0.117,67.4,2.4,6.6,5.4,29.3,23.8,7.1,5,84.8,16.3,34.1,5.2,27.2,96.083583591,92.106050111,19.2,48.0
"Robert Jr., Luis",White Sox,OF,12500000,6,50000000,8333333.33,Luis Robert Jr.,393,425,88,55,19,0,14,141,28,33.2,6.6,0.224,0.379,0.278,0.657,0.212,0.367,0.285,0.279,0.269,0.155,74.5,47.6,15.6,10.5,28.2,19.0,7.7,12,90.1,13.5,35.6,9.9,40.7,101.232868968,94.886076944,36.1,53.1
"Adames, Willy",Brewers,SS,12250000,,0,0.0,Willy Adames,610,688,153,88,33,0,32,173,74,25.1,10.8,0.251,0.462,0.331,0.793,0.243,0.461,0.342,0.339,0.324,0.218,73.6,33.5,13.1,9.5,28.7,20.9,8.1,9,88.6,20.6,38.2,12.0,40.7,99.769639045,94.108759136,29.5,49.5
"Bichette, Bo",Blue Jays,SS,12083333,3,33600000,11200000.0,Bo Bichette,311,336,70,49,16,1,4,64,20,19.0,6.0,0.225,0.322,0.277,0.599,0.255,0.375,0.264,0.303,0.307,0.12,70.4,14.2,14.8,11.7,32.7,25.9,7.3,10,89.2,7.2,31.3,4.4,43.5,100.896776504,94.778862816,22.0,56.4
"Tucker, Kyle",Astros,OF,12000000,,0,0.0,Kyle Tucker,277,339,80,44,13,0,23,54,56,15.9,16.5,0.289,0.585,0.408,0.993,0.279,0.536,0.419,0.4,0.4,0.257,72.1,22.5,16.2,13.6,35.6,30.1,7.5,8,91.1,21.2,40.0,12.9,44.9,100.157901947,94.740150044,19.0,41.8
"Hoskins, Rhys",Brewers,1,12000000,2,34000000,17000000.0,Rhys Hoskins,449,517,96,56,14,0,26,149,53,28.8,10.3,0.214,0.419,0.303,0.722,0.202,0.387,0.313,0.301,0.295,0.185,71.2,13.0,12.0,9.1,29.8,22.8,8.1,23,88.7,20.8,29.7,12.7,42.2,99.737434248,94.057895065,26.3,42.8
"McCann, James",Orioles,C,12000000,4,40600000,10150000.0,James McCann,214,233,50,33,9,0,8,56,13,24.0,5.6,0.234,0.388,0.279,0.667,0.245,0.418,0.288,0.313,0.296,0.173,70.7,11.0,13.5,9.7,31.2,22.4,6.9,4,87.4,14.4,38.9,8.6,37.7,99.207987625,93.644913774,27.6,52.1
"McMahon, Ryan",Rockies,3,12000000,6,70000000,11666667.0,Ryan McMahon,567,645,137,89,28,0,20,185,69,28.7,10.7,0.242,0.397,0.325,0.722,0.243,0.414,0.315,0.325,0.329,0.171,72.5,26.3,16.4,11.7,31.3,22.3,7.2,28,92.1,10.0,36.5,10.9,49.7,102.62988712,96.057260524,30.0,46.9
"Tatis Jr., Fernando",Padres,OF,11714286,14,340000000,24285714.29,Fernando Tatis Jr.,398,438,110,67,21,1,21,96,32,21.9,7.3,0.276,0.492,0.34,0.832,0.298,0.538,0.359,0.387,0.36,0.24,74.9,49.0,23.9,17.9,38.2,28.7,7.4,32,93.5,10.0,33.7,14.5,55.8,104.418991126,97.109953874,28.1,51.3
"Santander, Anthony",Orioles,OF,11700000,,0,0.0,Anthony Santander,595,665,140,69,25,2,44,129,58,19.4,8.7,0.235,0.506,0.308,0.814,0.228,0.445,0.345,0.324,0.304,0.218,73.1,34.0,13.7,11.0,27.6,22.3,7.2,7,89.8,22.7,35.0,11.7,41.6,100.325476894,94.357156511,20.0,49.7
"Hoerner, Nico",Cubs,2,11500000,3,35000000,11666667.0,Nico Hoerner,582,641,159,116,35,1,7,66,44,10.3,6.9,0.273,0.373,0.335,0.708,0.28,0.353,0.313,0.313,0.344,0.073,68.2,2.8,7.2,6.4,35.4,31.7,7.1,11,85.7,10.4,36.0,1.2,27.6,95.980926525,91.993965849,11.9,48.4
"Canha, Mark",Tigers,OF,11500000,,0,0.0,Mark Canha,393,462,95,68,20,0,7,96,51,20.8,11.0,0.242,0.346,0.344,0.69,0.212,0.306,0.31,0.288,0.322,0.094,68.4,4.0,10.6,8.4,36.5,29.1,7.2,14,88.4,9.6,31.5,3.3,37.4,98.159166424,93.219326921,21.8,41.6
"Crawford, J.P.",Mariners,SS,11000000,5,51000000,10200000.0,J.P. Crawford,392,451,79,52,16,2,9,102,52,22.6,11.5,0.202,0.321,0.304,0.625,0.227,0.363,0.283,0.309,0.326,0.136,71.9,23.2,12.2,9.8,29.0,23.3,7.3,5,87.5,13.2,30.2,6.5,37.8,98.950282708,93.58355108,20.2,41.1
"Walker, Christian",Diamondbacks,1,10900000,,0,0.0,Christian Walker,479,552,120,68,26,0,26,133,55,24.1,10.0,0.251,0.468,0.335,0.803,0.246,0.457,0.343,0.351,0.339,0.211,75.0,52.8,15.8,12.2,26.1,20.2,7.5,32,91.2,16.6,35.0,13.3,48.0,103.127969548,96.011102521,25.6,48.0
"Alvarez, Yordan",Astros,DH,10833333,6,115000000,19166667.0,Yordan Alvarez,552,635,170,99,34,2,35,95,69,15.0,10.9,0.308,0.567,0.392,0.959,0.303,0.595,0.402,0.411,0.389,0.292,76.6,63.2,22.4,18.2,34.0,27.7,7.6,1,93.1,18.3,35.4,14.5,49.7,104.097105087,96.703519522,19.9,47.8
"Arraez, Luis",Marlins,2,10600000,,0,0.0,Luis Arraez,637,672,200,161,32,3,4,29,24,4.3,3.6,0.314,0.392,0.346,0.738,0.31,0.4,0.323,0.325,0.343,0.09,63.2,0.3,4.9,4.6,46.5,43.9,6.0,8,86.3,13.7,40.9,1.6,23.7,94.838000362,91.449624457,6.9,49.8
"Kiermaier, Kevin",Blue Jays,OF,10500000,,0,0.0,Kevin Kiermaier,259,281,51,34,9,3,5,86,12,30.6,4.3,0.197,0.313,0.237,0.55,0.195,0.278,0.241,0.232,0.237,0.083,70.4,11.1,12.5,7.9,34.9,22.0,7.1,7,86.4,7.3,27.6,3.9,30.0,97.683193765,92.874723706,37.5,54.9
"Garver, Mitch",Mariners,DH,10500000,2,24000000,12000000.0,Mitch Garver,367,430,63,31,17,0,15,133,53,30.9,12.3,0.172,0.341,0.286,0.627,0.18,0.335,0.281,0.285,0.295,0.155,71.2,9.9,14.5,10.3,34.7,24.8,7.3,15,89.9,18.3,32.5,8.4,39.7,99.983276271,94.254381059,30.8,38.7
"Polanco, Jorge",Mariners,2,10500000,,0,0.0,Jorge Polanco,416,468,89,62,11,0,16,137,46,29.3,9.8,0.214,0.356,0.297,0.653,0.226,0.399,0.288,0.309,0.308,0.173,69.7,7.9,12.0,8.8,31.9,23.4,7.2,17,88.3,17.8,35.9,8.9,37.4,99.204331655,93.755834657,28.1,44.8
"Bader, Harrison",Mets,OF,10500000,,0,0.0,Harrison Bader,402,437,95,64,19,0,12,95,21,21.7,4.8,0.236,0.373,0.284,0.657,0.242,0.377,0.285,0.294,0.292,0.135,71.1,19.5,12.9,9.9,33.1,25.4,7.1,16,87.2,11.9,33.9,6.4,35.5,98.685690255,93.420801022,24.5,46.6
"McNeil, Jeff",Mets,2,10250000,4,50000000,12500000.0,Jeff McNeil,424,472,101,63,26,0,12,68,35,14.4,7.4,0.238,0.384,0.308,0.692,0.235,0.336,0.304,0.288,0.306,0.102,68.8,5.2,7.9,6.7,32.6,27.7,7.2,25,87.0,14.9,32.2,3.1,31.1,96.866365393,92.484410197,17.5,55.4
"Reynolds, Bryan",Pirates,OF,10250000,8,106750000,13343750.0,Bryan Reynolds,622,692,171,115,29,3,24,156,57,22.5,8.2,0.275,0.447,0.344,0.791,0.27,0.463,0.343,0.35,0.342,0.193,71.5,17.1,17.4,12.7,36.6,26.7,6.8,31,89.9,9.4,37.5,9.6,45.4,100.987209316,94.867542484,29.4,50.4
"Hicks, Aaron",Angels,OF,10240000,7,70000000,10000000.0,Aaron Hicks,57,63,8,7,0,0,1,23,6,36.5,9.5,0.14,0.193,0.222,0.415,0.192,0.272,0.196,0.248,0.27,0.08,68.1,3.6,10.0,7.1,26.7,19.0,7.4,4,87.5,4.7,32.4,5.9,35.3,99.638573529,94.12647,32.8,44.0
"Gurriel Jr., Lourdes",Diamondbacks,OF,10000000,3,42000000,14000000.0,Lourdes Gurriel Jr.,513,553,143,101,22,2,18,101,29,18.3,5.2,0.279,0.435,0.322,0.757,0.267,0.421,0.327,0.319,0.312,0.154,70.6,9.5,13.4,10.9,31.5,25.7,7.5,12,88.4,15.7,33.8,6.7,40.0,99.549348469,93.921850288,20.2,51.1
"Soler, Jorge",Giants,DH,10000000,3,42000000,14000000.0,Jorge Soler,493,574,119,63,34,1,21,141,68,24.6,11.8,0.241,0.442,0.338,0.78,0.244,0.447,0.34,0.346,0.342,0.203,75.4,57.0,15.8,11.5,29.8,21.7,7.9,12,90.5,17.9,33.4,12.6,44.1,101.898357865,95.262490702,28.9,44.5
"Kepler, Max",Twins,OF,10000000,,0,0.0,Max Kepler,368,399,93,63,21,1,8,80,22,20.1,5.5,0.253,0.38,0.302,0.682,0.247,0.381,0.298,0.301,0.3,0.134,71.4,19.4,13.7,10.7,32.9,25.6,7.4,15,88.9,16.8,35.4,6.2,36.8,99.569991319,93.867541875,24.4,52.3
"Margot, Manuel",Twins,OF,10000000,,0,0.0,Manuel Margot,315,343,75,53,17,1,4,54,21,15.7,6.1,0.238,0.337,0.289,0.626,0.261,0.379,0.276,0.308,0.314,0.118,72.0,19.9,13.8,11.1,31.2,25.1,7.3,5,88.2,13.8,30.9,4.9,33.6,98.859258923,93.482249961,20.6,49.5
"Pederson, Joc",Diamondbacks,OF,9500000,,0,0.0,Joc Pederson,367,449,101,60,17,1,23,105,55,23.4,12.2,0.275,0.515,0.393,0.908,0.264,0.48,0.391,0.378,0.386,0.216,73.4,37.2,15.9,12.2,28.9,22.2,7.7,10,92.3,16.9,34.2,12.8,46.2,102.648599462,95.864061892,25.0,44.0
"Muncy, Max",Dodgers,3,9500000,2,24000000,12000000.0,Max Muncy,237,293,55,23,17,0,15,77,45,26.3,15.4,0.232,0.494,0.358,0.852,0.229,0.448,0.362,0.349,0.357,0.22,71.3,15.1,15.8,10.9,33.9,23.5,7.2,12,90.2,26.6,32.5,10.8,43.4,100.775015181,94.752278735,31.0,40.6
"Murphy, Sean",Braves,C,9000000,6,73000000,12166667.0,Sean Murphy,233,264,45,29,5,1,10,67,27,25.4,10.2,0.193,0.352,0.284,0.636,0.214,0.399,0.281,0.308,0.303,0.185,73.2,38.8,13.5,9.9,31.0,22.7,7.9,10,88.0,10.5,25.7,9.6,36.5,99.757961548,94.022077485,28.4,45.6
"Heyward, Jason",Dodgers,OF,9000000,,0,0.0,Jason Heyward,228,258,48,24,12,2,10,53,22,20.5,8.5,0.211,0.412,0.288,0.7,0.233,0.346,0.3,0.29,0.309,0.113,73.3,28.1,13.4,10.7,26.5,21.2,8.2,7,88.0,10.4,29.8,5.6,41.6,99.992543146,94.178780339,24.0,49.6
"Lowe, Brandon",Rays,2,8750000,6,24000000,4000000.0,Brandon Lowe,385,425,94,51,19,3,21,112,33,26.4,7.8,0.244,0.473,0.311,0.784,0.252,0.482,0.335,0.343,0.318,0.23,73.4,36.0,17.2,12.2,30.8,21.8,7.1,27,89.8,14.5,39.6,12.4,44.7,101.345776014,94.9549512,32.7,55.3
"Verdugo, Alex",Yankees,OF,8700000,,0,0.0,Alex Verdugo,559,621,130,88,28,1,13,93,49,15.0,7.9,0.233,0.356,0.291,0.647,0.25,0.373,0.283,0.302,0.309,0.124,68.4,7.5,10.9,9.1,39.8,33.4,6.3,5,88.3,9.9,31.6,5.6,34.9,98.009613263,93.0881338,15.5,44.7
"Drury, Brandon",Angels,DH,8500000,2,17000000,8500000.0,Brandon Drury,325,360,55,44,7,0,4,81,27,22.5,7.5,0.169,0.228,0.242,0.47,0.202,0.287,0.217,0.259,0.276,0.085,72.6,23.1,12.0,9.6,28.1,22.6,7.4,16,87.6,6.0,25.9,3.6,35.6,99.062132195,93.550623821,24.4,46.7
"Arozarena, Randy",Rays,OF,8100000,,0,0.0,Randy Arozarena,549,648,120,67,33,0,20,169,73,26.1,11.3,0.219,0.388,0.332,0.72,0.219,0.381,0.32,0.324,0.335,0.162,72.7,33.4,15.9,11.6,32.9,24.1,7.4,15,90.4,13.2,28.4,8.3,43.5,100.904108177,94.731331384,29.7,41.0
"d'Arnaud, Travis",Braves,C,8000000,,0,0.0,Travis d'Arnaud,307,341,73,42,16,0,15,89,24,26.1,7.0,0.238,0.436,0.302,0.738,0.236,0.434,0.319,0.322,0.305,0.199,71.4,20.8,13.9,9.5,31.1,21.2,7.8,6,89.9,11.6,32.9,10.4,41.0,100.537202273,94.672343091,32.8,50.7
"Kim, Ha-Seong",Padres,SS,8000000,4,28000000,7000000.0,Ha-Seong Kim,403,470,94,64,16,3,11,77,58,16.4,12.3,0.233,0.37,0.33,0.7,0.245,0.352,0.308,0.313,0.344,0.107,69.0,7.7,13.3,11.2,36.3,30.6,6.8,7,87.9,15.1,36.6,4.8,35.4,98.621780994,93.412597329,16.1,38.0
"Yastrzemski, Mike",Giants,OF,7900000,,0,0.0,Mike Yastrzemski,428,474,99,56,16,9,18,124,38,26.2,8.0,0.231,0.437,0.302,0.739,0.219,0.397,0.319,0.301,0.292,0.178,70.9,5.5,14.2,10.7,35.8,26.9,7.6,11,90.4,19.1,33.0,10.5,41.0,99.5562712,94.186783411,26.1,44.1
"Kiner-Falefa, Isiah",Blue Jays,3,7500000,2,15000000,7500000.0,Isiah Kiner-Falefa,465,496,125,95,18,4,8,78,16,15.7,3.2,0.269,0.376,0.306,0.682,0.251,0.346,0.299,0.283,0.292,0.095,67.0,2.2,10.1,8.6,40.9,35.1,6.8,11,86.1,9.1,31.6,2.3,29.7,96.695719581,92.34866123,14.8,46.1
"Cronenworth, Jake",Padres,1,7285714,7,80000000,11428571.0,Jake Cronenworth,577,656,139,90,29,3,17,118,61,18.0,9.3,0.241,0.39,0.324,0.714,0.259,0.42,0.315,0.335,0.341,0.161,69.4,6.1,11.7,9.7,31.9,26.4,7.1,11,88.6,13.9,35.4,7.8,36.7,99.527561266,93.904133654,17.1,45.0
"Albies, Ozzie",Braves,2,7000000,7,35000000,5000000.0,Ozzie Albies,399,435,100,60,29,1,10,65,27,14.9,6.2,0.251,0.404,0.303,0.707,0.246,0.387,0.307,0.302,0.301,0.14,69.1,7.5,8.1,6.6,32.9,26.6,7.2,7,88.4,18.4,33.4,6.2,32.0,97.095539467,92.617553798,20.5,56.6
"Edman, Tommy",Cardinals,SS,7000000,2,16500000,8250000.0,Tommy Edman,139,153,33,21,5,1,6,30,11,19.6,7.2,0.237,0.417,0.294,0.711,0.217,0.316,0.307,0.266,0.277,0.099,70.0,9.9,9.7,7.6,39.4,30.9,6.9,5,87.6,11.4,31.5,3.6,35.1,96.992259821,92.61181955,24.0,46.2
"Merrifield, Whit",Phillies,INF,7000000,,0,0.0,Whit Merrifield,293,335,65,49,9,3,4,52,35,15.5,10.4,0.222,0.314,0.311,0.625,0.242,0.317,0.283,0.295,0.329,0.075,63.4,0.2,4.2,3.4,32.1,26.1,6.9,7,84.1,12.9,34.3,2.4,21.6,94.385287083,91.220749372,18.7,45.4
"Hayes, Ke'Bryan",Pirates,3,7000000,8,70000000,8750000.0,Ke'Bryan Hayes,365,396,85,72,9,0,4,75,23,18.9,5.8,0.233,0.29,0.283,0.573,0.244,0.327,0.256,0.279,0.296,0.083,72.1,19.7,16.6,13.9,37.4,31.3,6.9,10,88.9,4.8,29.9,2.4,42.9,99.837230137,94.135653938,18.1,44.8
"France, Ty",Mariners,1,6775000,,0,0.0,Ty France,479,535,112,75,24,0,13,114,38,21.3,7.1,0.234,0.365,0.305,0.67,0.228,0.387,0.296,0.303,0.301,0.159,71.0,14.3,12.1,9.3,31.2,24.1,7.6,17,88.7,12.9,30.5,7.3,40.0,99.663679892,94.004650595,24.2,51.2
"Naylor, Josh",Guardians,1,6550000,,0,0.0,Josh Naylor,563,633,137,79,27,0,31,105,58,16.6,9.2,0.243,0.456,0.32,0.776,0.257,0.443,0.332,0.335,0.333,0.186,72.8,32.2,15.3,12.1,33.8,26.8,7.6,11,89.9,11.1,30.1,8.4,40.9,100.815360087,94.680816725,22.4,50.3
"Flores, Wilmer",Giants,SS,6500000,,0,0.0,Wilmer Flores,214,242,44,28,12,0,4,33,20,13.6,8.3,0.206,0.318,0.277,0.595,0.221,0.339,0.262,0.285,0.298,0.118,66.0,2.1,7.7,6.7,34.2,29.7,6.9,6,83.5,21.4,36.6,5.9,27.6,95.484386989,91.787573297,13.9,43.9
"Ruiz, Keibert",Nationals,C,6375000,8,50000000,6250000.0,Keibert Ruiz,459,485,105,71,21,0,13,54,16,11.1,3.3,0.229,0.359,0.26,0.619,0.251,0.35,0.268,0.279,0.283,0.099,66.4,1.0,8.0,7.1,37.9,33.9,7.1,10,85.4,19.8,32.2,3.2,25.6,95.477673333,91.740685858,12.1,52.3
"Hays, Austin",Orioles,OF,6300000,,0,0.0,Austin Hays,235,255,60,37,18,0,5,59,9,23.1,3.5,0.255,0.396,0.303,0.699,0.234,0.363,0.303,0.287,0.285,0.13,72.6,24.1,17.9,13.1,32.6,23.8,7.2,10,88.9,14.9,30.2,6.7,40.2,100.415422697,94.347982429,29.1,54.4
"Carpenter, Matt",Cardinals,DH,6240000,2,12000000,6000000.0,Matt Carpenter,137,157,32,21,7,0,4,51,15,32.5,9.6,0.234,0.372,0.314,0.686,0.211,0.35,0.303,0.287,0.296,0.139,69.3,3.5,8.9,6.5,27.4,20.0,8.1,4,85.8,24.2,46.6,6.8,28.7,96.566800238,92.292438452,28.9,42.5
"Farmer, Kyle",Twins,2,6050000,,0,0.0,Kyle Farmer,215,242,46,27,13,1,5,49,19,20.2,7.9,0.214,0.353,0.293,0.646,0.225,0.361,0.285,0.294,0.304,0.136,66.7,1.7,8.7,7.0,38.0,30.4,6.8,7,87.7,17.9,36.3,5.4,29.8,97.025598571,92.547452202,22.0,48.5
"Caratini, Victor",Astros,C,6000000,2,12000000,6000000.0,Victor Caratini,245,274,66,49,8,1,8,53,23,19.3,8.4,0.269,0.408,0.336,0.744,0.262,0.395,0.324,0.322,0.332,0.134,71.9,23.1,15.2,12.0,38.7,30.5,7.0,7,91.2,9.3,35.9,5.6,43.1,100.532909694,94.888518923,23.3,47.2
"Gomes, Yan",Cubs,C,6000000,,0,0.0,Yan Gomes,91,96,14,10,2,0,2,36,2,37.5,2.1,0.154,0.242,0.179,0.421,0.212,0.364,0.184,0.259,0.236,0.152,68.7,3.5,11.2,7.6,26.7,18.2,7.6,2,87.1,17.0,42.1,10.5,42.1,99.539393214,93.980665,34.1,58.7
"O'Neill, Tyler",Red Sox,OF,5850000,,0,0.0,Tyler O'Neill,411,473,99,50,18,0,31,159,53,33.6,11.2,0.241,0.511,0.336,0.847,0.213,0.48,0.36,0.339,0.313,0.267,75.2,51.8,18.1,11.9,28.3,18.6,7.6,11,90.9,20.2,34.6,17.3,48.8,102.819767874,95.797605236,34.1,44.6
"Rojas, Miguel",Dodgers,SS,5750000,,0,0.0,Miguel Rojas,307,337,87,60,21,0,6,34,23,10.1,6.8,0.283,0.41,0.337,0.747,0.283,0.365,0.327,0.314,0.339,0.081,67.8,4.2,8.4,7.2,37.3,32.1,7.0,9,85.0,9.7,33.2,2.5,27.8,96.317826471,92.174445609,13.9,46.5
"Varsho, Daulton",Blue Jays,OF,5650000,,0,0.0,Daulton Varsho,459,513,98,52,21,7,18,137,48,26.7,9.4,0.214,0.407,0.293,0.7,0.186,0.316,0.304,0.261,0.268,0.13,73.7,34.4,11.1,8.2,24.0,17.7,7.6,6,86.1,24.4,30.2,6.2,34.0,98.537583503,93.276618121,27.0,47.6
"Renfroe, Hunter",Royals,OF,5500000,2,13000000,6500000.0,Hunter Renfroe,385,424,88,55,18,0,15,84,36,19.8,8.5,0.229,0.392,0.297,0.689,0.223,0.362,0.302,0.291,0.292,0.14,75.2,52.9,15.5,12.1,29.6,23.2,7.6,8,88.5,16.7,27.8,6.6,39.4,100.265103311,94.256549636,23.4,44.4
"Grisham, Trent",Yankees,OF,5500000,,0,0.0,Trent Grisham,179,209,34,17,8,0,9,57,22,27.3,10.5,0.19,0.385,0.29,0.675,0.203,0.389,0.295,0.305,0.302,0.186,70.4,5.7,17.4,13.6,39.6,30.9,7.7,3,90.6,20.0,25.6,12.0,46.4,100.360050339,94.648811864,23.3,37.2
"Thomas, Lane",Nationals,OF,5450000,,0,0.0,Lane Thomas,472,528,112,68,26,3,15,137,44,25.9,8.3,0.237,0.4,0.309,0.709,0.242,0.377,0.309,0.307,0.315,0.135,71.7,16.6,15.6,12.3,33.4,26.4,6.8,20,88.8,17.0,31.5,7.4,40.6,100.376555353,94.3557595,23.3,43.8
"Santana, Carlos",Twins,1,5250000,,0,0.0,Carlos Santana,521,594,124,75,26,0,23,99,65,16.7,10.9,0.238,0.42,0.328,0.748,0.246,0.415,0.326,0.33,0.336,0.169,71.8,19.4,13.6,10.7,36.1,28.3,7.6,8,89.2,16.1,30.9,7.3,39.9,99.506124387,94.004167778,23.3,43.3
"Jansen, Danny",Blue Jays,C,5200000,,0,0.0,Danny Jansen,278,324,57,35,13,0,9,61,40,18.8,12.3,0.205,0.349,0.309,0.658,0.201,0.332,0.294,0.289,0.306,0.131,69.0,6.8,10.4,8.7,34.6,28.7,6.9,23,86.6,21.7,34.1,6.4,29.7,97.185697545,92.627349132,20.9,40.6
"Peterson, Jace",Diamondbacks,INF,5000000,2,9500000,4750000.0,Jace Peterson,22,26,1,1,0,0,0,6,3,23.1,11.5,0.045,0.045,0.154,0.199,0.202,0.235,0.113,0.246,0.29,0.033,66.4,2.6,0.0,0.0,38.5,26.3,6.9,2,82.6,-12.4,17.6,0.0,23.5,92.678426667,90.741807059,31.3,47.1
"Anderson, Tim",Marlins,SS,5000000,,0,0.0,Tim Anderson,234,241,50,47,3,0,0,68,7,28.2,2.9,0.214,0.226,0.237,0.463,0.215,0.283,0.208,0.23,0.238,0.068,69.7,4.3,11.3,8.3,28.0,20.6,7.2,14,86.1,1.4,29.5,1.8,30.1,96.982041205,92.531306303,30.6,54.6
"McCutchen, Andrew",Pirates,OF,5000000,,0,0.0,Andrew McCutchen,448,515,104,65,18,1,20,133,58,25.8,11.3,0.232,0.411,0.328,0.739,0.227,0.421,0.325,0.327,0.324,0.194,72.7,25.3,14.9,11.1,31.2,23.2,7.6,11,88.5,14.3,31.9,12.0,36.9,99.424962893,93.831123091,28.9,42.0
"Smith, Will",Royals,LHP,5000000,,0,0.0,Will Smith,476,544,118,72,24,2,20,105,51,19.3,9.4,0.248,0.433,0.327,0.76,0.24,0.443,0.326,0.331,0.323,0.204,67.9,3.3,11.1,9.0,33.6,27.1,7.2,28,89.4,18.7,38.3,10.8,42.0,99.318269153,93.929159392,20.9,46.2
"Ward, Taylor",Angels,OF,4800000,,0,0.0,Taylor Ward,585,663,144,91,26,2,25,163,63,24.6,9.5,0.246,0.426,0.323,0.749,0.251,0.458,0.325,0.344,0.331,0.207,69.8,8.4,14.8,11.4,38.4,29.6,7.1,23,90.9,17.4,41.9,13.0,42.4,100.017751581,94.464585641,25.5,43.2
"Estrada, Thairo",Giants,2,4700000,,0,0.0,Thairo Estrada,364,381,79,53,15,2,9,76,10,19.9,2.6,0.217,0.343,0.247,0.59,0.226,0.338,0.256,0.263,0.257,0.112,71.0,14.3,11.9,10.0,33.8,28.4,7.2,17,86.2,10.5,30.3,4.8,31.7,97.31710125,92.678487456,20.5,51.3
"Rengifo, Luis",Angels,2,4400000,,0,0.0,Luis Rengifo,283,304,85,65,13,1,6,44,16,14.5,5.3,0.3,0.417,0.347,0.764,0.262,0.352,0.335,0.295,0.311,0.09,69.7,12.0,9.6,7.6,34.3,27.0,7.2,9,87.0,6.7,30.4,2.5,32.5,96.9891535,92.548929456,22.3,56.3
"Lopez, Nicky",White Sox,2,4300000,,0,0.0,Nicky Lopez,398,445,96,80,12,3,1,67,37,15.1,8.3,0.241,0.294,0.312,0.606,0.227,0.288,0.275,0.268,0.299,0.062,64.2,0.5,3.1,2.5,39.7,32.3,6.7,16,85.0,5.6,30.0,1.5,16.9,94.065401402,91.042138226,19.4,48.5
"Biggio, Cavan",Blue Jays,2,4210000,,0,0.0,Cavan Biggio,188,224,37,27,5,0,5,72,24,32.1,10.7,0.197,0.303,0.314,0.617,0.179,0.239,0.285,0.256,0.298,0.06,66.8,3.2,2.3,1.8,24.7,19.5,6.9,10,82.0,21.2,37.3,2.5,16.9,92.815215439,90.564125877,23.8,38.2
"Mountcastle, Ryan",Orioles,DH,4137000,,0,0.0,Ryan Mountcastle,473,507,128,83,30,2,13,114,27,22.5,5.3,0.271,0.425,0.308,0.733,0.272,0.445,0.316,0.332,0.313,0.173,75.1,50.0,15.9,12.2,27.3,20.9,7.5,15,90.8,10.4,36.2,8.8,45.2,102.105716923,95.370233104,25.1,56.1
"Murphy, Tom",Giants,C,4000000,2,8250000,4125000.0,Tom Murphy,34,38,4,2,1,0,1,14,4,36.8,10.5,0.118,0.235,0.211,0.446,0.151,0.317,0.206,0.25,0.24,0.166,72.4,17.4,14.8,8.7,33.3,19.6,7.8,0,87.4,4.5,35.0,10.0,35.0,100.157273,94.138457,36.9,42.8
"Slater, Austin",Giants,OF,4000000,,0,0.0,Austin Slater,177,212,37,31,4,0,2,60,26,28.3,12.3,0.209,0.266,0.321,0.587,0.232,0.319,0.273,0.303,0.341,0.088,71.9,20.6,10.4,7.3,29.7,20.9,6.8,4,88.2,7.2,37.2,3.3,37.2,98.373260169,93.491320256,29.8,43.0
"Hedges, Austin",Guardians,C,4000000,,0,0.0,Austin Hedges,132,146,20,15,3,0,2,50,6,34.2,4.1,0.152,0.22,0.203,0.423,0.127,0.179,0.191,0.166,0.18,0.052,69.9,4.5,6.2,4.1,31.5,21.1,7.5,5,84.8,21.4,24.1,1.1,24.1,94.678255122,91.400617284,32.9,54.5
"Rosario, Eddie",Nationals,OF,4000000,,0,0.0,Eddie Rosario,297,319,52,30,12,0,10,77,16,24.1,5.0,0.175,0.316,0.215,0.531,0.211,0.34,0.23,0.257,0.249,0.129,70.3,7.3,13.0,9.7,39.4,29.2,7.2,4,91.0,14.3,27.9,5.3,42.5,99.203116161,94.098201031,27.5,52.9
"Bohm, Alec",Phillies,3,4000000,,0,0.0,Alec Bohm,554,606,155,94,44,2,15,86,40,14.2,6.6,0.28,0.448,0.332,0.78,0.288,0.444,0.335,0.342,0.342,0.156,72.2,21.3,18.7,15.6,39.3,32.8,7.4,9,90.4,10.1,35.2,6.8,45.6,100.768220847,94.781662669,17.6,49.7
"Taylor, Michael A.",Pirates,OF,4000000,,0,0.0,Michael A. Taylor,269,300,52,37,9,1,5,105,23,35.0,7.7,0.193,0.29,0.253,0.543,0.204,0.333,0.242,0.27,0.267,0.129,74.0,40.9,14.7,9.3,28.3,17.9,7.2,20,89.3,13.7,31.4,11.6,40.1,100.583164074,94.548357778,39.2,49.3
"India, Jonathan",Reds,2,3800000,2,8800000,4400000.0,Jonathan India,533,637,132,87,28,2,15,125,80,19.6,12.6,0.248,0.392,0.357,0.749,0.266,0.412,0.333,0.352,0.376,0.146,71.7,22.2,12.4,10.2,30.7,25.3,7.2,25,87.2,13.5,39.3,7.7,36.5,98.90319256,93.547150797,19.2,38.3
"Carroll, Corbin",Diamondbacks,OF,3625000,8,111000000,13875000.0,Corbin Carroll,589,684,136,78,22,14,22,130,73,19.0,10.7,0.231,0.428,0.322,0.75,0.241,0.391,0.325,0.324,0.334,0.15,73.7,36.9,18.4,14.6,34.9,27.7,7.0,5,89.3,12.0,27.8,7.2,40.8,101.055665665,94.755672366,20.3,41.4
"Berti, Jon",Yankees,INF,3625000,,0,0.0,Jon Berti,66,74,18,17,0,0,1,14,6,18.9,8.1,0.273,0.318,0.342,0.66,0.274,0.335,0.3,0.307,0.344,0.061,71.6,18.0,7.9,6.3,31.5,25.2,7.4,0,84.2,11.0,41.5,1.9,30.2,96.606393846,92.303648269,17.7,41.7
"Barnes, Austin",Dodgers,C,3500000,,0,0.0,Austin Barnes,140,156,37,33,3,0,1,36,14,23.1,9.0,0.264,0.307,0.331,0.638,0.229,0.292,0.289,0.27,0.299,0.063,68.2,2.2,8.3,6.5,32.6,25.5,6.4,9,86.3,9.5,30.2,1.9,31.1,96.963688654,92.484081538,22.8,47.4
"O'Hearn, Ryan",Orioles,1,3500000,,0,0.0,Ryan O'Hearn,443,494,117,78,21,3,15,69,46,14.0,9.3,0.264,0.427,0.334,0.761,0.278,0.461,0.33,0.351,0.348,0.183,72.4,24.3,14.8,12.4,33.7,28.3,7.1,6,89.6,12.0,35.0,6.9,40.1,99.733150957,94.095787394,18.1,46.7
"Kelly, Carson",Tigers,C,3500000,,0,0.0,Carson Kelly,281,313,67,48,9,1,9,55,25,17.6,8.0,0.238,0.374,0.313,0.687,0.235,0.401,0.304,0.314,0.311,0.166,69.5,5.9,13.0,10.1,37.7,29.3,6.9,3,87.6,13.6,27.3,6.6,39.4,98.979228142,93.591084867,22.8,45.5
"Paredes, Isaac",Rays,3,3400000,,0,0.0,Isaac Paredes,542,641,129,84,25,1,19,105,76,16.4,11.9,0.238,0.393,0.346,0.739,0.22,0.337,0.327,0.304,0.333,0.117,68.2,4.8,6.5,5.4,29.0,24.3,8.0,13,85.0,22.4,37.0,4.5,27.1,95.875582928,91.952619865,17.2,44.7
"Castro, Willi",Twins,OF,3300000,,0,0.0,Willi Castro,558,635,138,90,31,5,12,150,51,23.6,8.0,0.247,0.385,0.331,0.716,0.244,0.381,0.317,0.32,0.331,0.137,70.6,15.5,12.0,8.7,29.0,21.0,7.1,18,87.4,13.6,39.0,7.0,36.8,98.851706502,93.501303852,29.0,51.4
"Vaughn, Andrew",White Sox,1,3250000,,0,0.0,Andrew Vaughn,570,619,140,90,30,1,19,132,38,21.3,6.1,0.246,0.402,0.297,0.699,0.244,0.44,0.304,0.319,0.297,0.197,70.8,12.0,16.2,12.9,35.4,28.3,7.6,12,90.3,16.6,33.6,9.3,43.3,100.921632928,94.702971332,22.0,49.4
"Tellez, Rowdy",Pirates,1,3200000,,0,0.0,Rowdy Tellez,383,421,93,62,18,0,13,89,31,21.1,7.4,0.243,0.392,0.299,0.691,0.237,0.394,0.301,0.302,0.297,0.157,74.4,43.7,15.3,12.3,27.5,22.1,8.0,13,89.4,17.0,32.4,8.0,36.5,100.611958926,94.350585034,21.9,43.3
"Rodgers, Brendan",Rockies,2,3200000,,0,0.0,Brendan Rodgers,501,539,134,91,29,1,13,132,31,24.5,5.8,0.267,0.407,0.314,0.721,0.248,0.377,0.314,0.295,0.297,0.129,71.7,25.2,14.4,11.0,31.5,24.1,7.1,26,89.3,4.9,33.1,5.6,44.1,101.153269243,94.773964417,25.9,49.3
"Moore, Dylan",Mariners,OF,3133333,,0,0.0,Dylan Moore,368,441,74,37,23,4,10,123,53,27.9,12.0,0.201,0.367,0.32,0.687,0.201,0.324,0.306,0.297,0.323,0.124,73.0,27.8,10.8,8.4,27.0,20.8,7.1,16,88.4,22.6,38.2,8.8,36.3,98.78016696,93.44884728,24.8,42.4
"Witt Jr., Bobby",Royals,SS,3111111,11,288777777,26252525.0,Bobby Witt Jr.,636,709,211,123,45,11,32,106,57,15.0,8.0,0.332,0.588,0.389,0.977,0.315,0.577,0.41,0.407,0.378,0.262,74.7,48.2,20.3,15.9,34.8,27.4,7.1,16,92.7,15.1,35.7,14.3,48.3,103.972880446,96.499868141,22.3,51.2
"Rojas, Josh",Mariners,3,3100000,,0,0.0,Josh Rojas,422,476,95,66,19,2,8,108,46,22.7,9.7,0.225,0.336,0.304,0.64,0.223,0.35,0.286,0.293,0.304,0.127,66.6,0.8,10.0,7.7,37.5,29.1,7.3,15,88.2,15.5,35.6,5.7,38.2,97.946263631,93.225198599,24.4,45.6
"Heim, Jonah",Rangers,C,3050000,,0,0.0,Jonah Heim,459,491,101,75,12,1,13,90,26,18.3,5.3,0.22,0.336,0.267,0.603,0.228,0.356,0.265,0.277,0.275,0.128,70.2,9.7,11.2,9.0,34.6,27.7,7.4,9,88.5,14.5,29.9,5.9,36.4,98.507122973,93.44020477,20.7,54.3
"Duvall, Adam",Braves,OF,3000000,,0,0.0,Adam Duvall,303,330,55,34,10,0,11,99,21,30.0,6.4,0.182,0.323,0.245,0.568,0.197,0.387,0.252,0.283,0.26,0.19,72.4,23.1,13.6,9.9,26.7,19.5,7.6,3,86.9,22.2,27.8,10.7,36.6,99.791319515,93.950920683,27.7,49.0
"Maile, Luke",Reds,C,3000000,,0,0.0,Luke Maile,135,154,24,18,4,0,2,52,13,33.8,8.4,0.178,0.252,0.268,0.52,0.177,0.252,0.241,0.241,0.268,0.075,67.7,1.3,5.3,3.9,27.6,20.3,6.7,7,84.7,11.3,37.6,3.5,24.7,95.22202881,91.660711687,28.8,45.2
"McCormick, Chas",Astros,OF,2850000,,0,0.0,Chas McCormick,242,267,51,39,6,1,5,72,17,27.0,6.4,0.211,0.306,0.271,0.577,0.223,0.355,0.257,0.285,0.284,0.132,70.8,12.4,10.3,7.2,28.8,20.3,7.5,5,86.2,15.2,32.2,7.5,32.8,97.920374118,93.001741775,31.3,53.2
"Keith, Colt",Tigers,2,2833333,6,28642500,4773750.0,Colt Keith,516,556,134,102,15,4,13,110,36,19.8,6.5,0.26,0.38,0.309,0.689,0.266,0.393,0.301,0.311,0.316,0.126,71.3,14.8,12.5,9.7,35.0,27.2,6.7,14,87.8,11.3,34.6,5.6,35.3,98.472613627,93.330372181,23.2,48.6
"Kirk, Alejandro",Blue Jays,C,2800000,,0,0.0,Alejandro Kirk,340,386,86,61,19,1,5,51,35,13.2,9.1,0.253,0.359,0.319,0.678,0.257,0.392,0.297,0.324,0.332,0.134,70.1,12.2,14.2,12.2,36.7,31.6,7.0,8,89.4,10.8,34.6,6.7,40.9,99.802023893,94.269440505,15.7,46.6
"Trevino, Jose",Yankees,C,2730000,,0,0.0,Jose Trevino,209,234,45,32,5,0,8,41,20,17.5,8.5,0.215,0.354,0.288,0.642,0.203,0.312,0.284,0.267,0.279,0.109,68.9,3.6,11.6,9.5,41.0,33.9,7.0,2,88.1,9.9,26.9,5.3,35.1,97.968179176,93.099578353,18.7,40.5
"Wisdom, Patrick",Cubs,OF,2725000,,0,0.0,Patrick Wisdom,158,174,27,10,7,2,8,59,10,33.9,5.7,0.171,0.392,0.237,0.629,0.184,0.419,0.271,0.288,0.249,0.236,75.4,56.2,14.7,10.4,27.5,19.5,7.9,9,90.9,28.0,23.8,15.8,48.5,102.1496362,95.721041717,31.4,49.1
"Espinal, Santiago",Reds,INF,2725000,,0,0.0,Santiago Espinal,357,391,88,67,12,0,9,54,24,13.8,6.1,0.246,0.356,0.295,0.651,0.258,0.344,0.285,0.288,0.307,0.087,66.5,2.8,6.7,5.7,35.5,30.2,7.3,8,85.9,15.0,35.0,1.9,24.1,94.957566883,91.492088339,14.8,49.0
"Mateo, Jorge",Orioles,2,2700000,,0,0.0,Jorge Mateo,192,208,44,23,14,2,5,48,10,23.1,4.8,0.229,0.401,0.267,0.668,0.228,0.339,0.286,0.271,0.27,0.111,72.5,22.1,14.0,10.9,28.7,22.3,7.8,0,88.1,14.1,30.2,4.0,34.9,99.943727778,94.060455208,23.1,51.7
"Robles, Victor",Nationals,OF,2650000,,0,0.0,Victor Robles,254,295,78,54,20,0,4,53,21,18.0,7.1,0.307,0.433,0.381,0.814,0.257,0.389,0.357,0.326,0.338,0.132,68.3,2.5,8.2,6.1,35.6,26.8,6.9,8,86.7,14.8,34.8,6.2,28.6,97.345786105,92.756314603,24.7,54.7
"Chisholm Jr., Jazz",Marlins,OF,2625000,,0,0.0,Jazz Chisholm Jr.,562,621,144,95,21,4,24,152,53,24.5,8.5,0.256,0.436,0.324,0.76,0.24,0.415,0.327,0.316,0.31,0.176,72.0,23.6,15.1,10.7,32.2,22.7,7.5,11,89.7,11.4,29.6,9.7,41.1,100.122466782,94.459141861,29.3,47.5
"Brown, Seth",Athletics,OF,2600000,,0,0.0,Seth Brown,372,400,86,60,11,1,14,112,25,28.0,6.3,0.231,0.379,0.282,0.661,0.232,0.387,0.289,0.294,0.284,0.155,73.3,28.2,14.5,10.5,30.9,22.5,7.2,14,90.0,14.6,35.2,8.4,40.6,100.936577054,94.815981008,29.1,52.0
"Taveras, Leody",Rangers,OF,2550000,,0,0.0,Leody Taveras,480,529,110,78,17,3,12,112,42,21.2,7.9,0.229,0.352,0.289,0.641,0.24,0.368,0.282,0.295,0.301,0.129,71.3,14.8,14.4,10.6,32.7,24.1,7.5,6,89.0,14.7,31.5,5.9,35.5,99.173170874,93.650113205,26.2,48.8
"Stephenson, Tyler",Reds,C,2525000,,0,0.0,Tyler Stephenson,457,515,118,72,26,1,19,117,48,22.7,9.3,0.258,0.444,0.338,0.782,0.241,0.403,0.339,0.322,0.325,0.162,70.8,9.4,15.6,12.7,37.5,30.5,7.4,31,90.2,10.9,33.0,9.1,43.9,100.320154503,94.587176774,22.7,43.2
"Davis, J.D.",Athletics,3,2500000,,0,0.0,J.D. Davis,142,157,31,22,5,0,4,39,12,24.8,7.6,0.218,0.338,0.293,0.631,0.212,0.347,0.282,0.284,0.288,0.135,72.5,18.1,16.3,10.9,33.1,22.3,7.3,6,89.1,2.8,24.3,8.7,43.7,101.438864902,94.978441569,34.8,51.4
"Gallo, Joey",Nationals,OF,2500000,,0,0.0,Joey Gallo,223,260,36,17,9,0,10,102,32,39.2,12.3,0.161,0.336,0.277,0.613,0.173,0.348,0.276,0.285,0.287,0.176,72.4,22.8,13.6,8.3,32.9,20.0,7.3,2,90.5,26.1,32.8,13.1,43.4,100.325545574,94.605556281,39.6,45.3
"Grandal, Yasmani",Pirates,C,2500000,,0,0.0,Yasmani Grandal,215,243,49,30,10,0,9,46,24,18.9,9.9,0.228,0.4,0.304,0.704,0.246,0.419,0.308,0.325,0.321,0.174,70.3,8.5,17.9,14.9,42.3,35.3,7.4,12,91.1,11.1,31.8,9.8,42.8,100.246108353,94.442007765,20.1,40.9
"Jeffers, Ryan",Twins,C,2425000,,0,0.0,Ryan Jeffers,412,465,93,50,22,0,21,94,32,20.2,6.9,0.226,0.432,0.3,0.732,0.226,0.386,0.317,0.304,0.302,0.16,72.9,34.1,13.3,10.5,27.4,21.6,7.5,23,86.9,16.2,31.7,8.3,33.8,99.008221173,93.57098291,23.6,48.5
"Carlson, Dylan",Cardinals,OF,2350000,,0,0.0,Dylan Carlson,235,265,49,39,7,0,3,75,22,28.3,8.3,0.209,0.277,0.287,0.564,0.195,0.27,0.257,0.25,0.276,0.074,68.5,2.4,9.0,6.3,29.2,20.4,7.1,15,86.8,15.8,30.1,2.5,25.8,96.530139877,92.297463602,31.0,48.2
"Chourio, Jackson",Brewers,OF,2250000,(8 (2024-31),82000000,10250000.0,Jackson Chourio,528,573,145,91,29,4,21,121,39,21.1,6.8,0.275,0.464,0.327,0.791,0.274,0.43,0.339,0.328,0.326,0.156,73.2,34.0,17.9,13.5,34.5,26.0,7.4,22,89.7,7.6,33.2,7.8,44.9,100.832969557,94.831073407,27.1,48.8
"Higashioka, Kyle",Padres,C,2180000,,0,0.0,Kyle Higashioka,246,263,54,26,10,1,17,74,15,28.1,5.7,0.22,0.476,0.263,0.739,0.22,0.43,0.314,0.298,0.264,0.21,71.8,17.1,14.5,11.4,32.4,25.4,7.3,12,88.4,20.7,40.2,10.9,37.4,99.356005116,93.902030409,25.6,46.4
"Fraley, Jake",Reds,OF,2150000,,0,0.0,Jake Fraley,350,382,97,71,19,2,5,70,26,18.3,6.8,0.277,0.386,0.33,0.716,0.245,0.323,0.314,0.285,0.304,0.079,71.8,20.0,7.2,5.7,25.8,20.6,7.1,1,84.3,11.1,34.6,3.2,24.7,95.677326241,91.891008399,21.3,57.9
"Joe, Connor",Pirates,OF,2125000,,0,0.0,Connor Joe,364,416,83,51,22,1,9,91,44,21.9,10.6,0.228,0.368,0.32,0.688,0.206,0.308,0.305,0.277,0.301,0.103,72.1,23.9,12.7,9.7,27.8,21.4,7.4,18,85.3,16.3,30.9,4.7,32.7,97.939201314,92.982890511,25.7,43.1
"Bethancourt, Christian",Marlins,C,2050000,,0,0.0,Christian Bethancourt,139,147,29,17,7,0,5,36,5,24.5,3.4,0.209,0.367,0.241,0.608,0.218,0.36,0.263,0.267,0.25,0.142,71.9,23.8,12.7,9.1,33.1,23.8,7.5,9,89.1,12.4,25.7,7.6,41.9,100.460386122,94.266459184,31.5,61.4
"Taylor, Tyrone",Mets,OF,2025000,,0,0.0,Tyrone Taylor,319,345,79,47,22,3,7,80,19,23.2,5.5,0.248,0.401,0.299,0.7,0.249,0.389,0.304,0.301,0.301,0.14,70.5,6.4,13.7,10.9,33.6,26.8,7.6,8,87.3,16.8,34.9,7.1,35.3,99.355167983,93.783487975,22.2,49.4
"Winker, Jesse",Nationals,OF,2000000,,0,0.0,Jesse Winker,430,508,109,72,23,0,14,106,63,20.9,12.4,0.253,0.405,0.36,0.765,0.245,0.384,0.338,0.329,0.353,0.139,69.6,7.7,11.7,9.6,32.7,26.9,7.3,20,88.6,14.0,30.1,7.6,37.4,98.91091179,93.570274815,19.6,43.2
"Vogelbach, Daniel",Blue Jays,DH,2000000,,0,0.0,Daniel Vogelbach,70,79,13,7,5,0,1,17,9,21.5,11.4,0.186,0.3,0.278,0.578,0.273,0.466,0.262,0.36,0.358,0.193,72.5,20.5,23.2,20.5,42.0,37.2,7.6,1,90.9,8.1,35.8,9.4,45.1,101.481826923,95.238581569,15.7,29.8
"Arcia, Orlando",Braves,SS,2000000,3,7300000,2433333.0,Orlando Arcia,551,602,120,79,24,0,17,128,41,21.3,6.8,0.218,0.354,0.271,0.625,0.206,0.323,0.273,0.261,0.263,0.118,70.9,13.5,12.3,9.3,34.1,25.8,7.9,25,88.2,8.6,29.9,5.3,37.8,98.41985743,93.283896472,26.6,49.1
"Crawford, Brandon",Cardinals,SS,2000000,,0,0.0,Brandon Crawford,71,80,12,6,5,0,1,26,8,32.5,10.0,0.169,0.282,0.263,0.545,0.207,0.308,0.248,0.275,0.296,0.101,70.6,13.8,9.7,6.5,25.8,17.4,7.4,6,89.7,13.5,37.8,6.7,33.3,98.650605652,93.537666,35.8,51.4
"Wendle, Joey",Mets,INF,2000000,,0,0.0,Joey Wendle,36,37,8,7,1,0,0,9,1,24.3,2.7,0.222,0.25,0.243,0.493,0.223,0.289,0.219,0.239,0.244,0.066,68.0,2.1,5.6,4.3,52.8,40.4,6.9,2,88.3,4.8,37.0,0.0,25.9,94.74595,91.372975,27.4,46.3
"Senzel, Nick",Nationals,3,2000000,,0,0.0,Nick Senzel,236,267,46,28,11,0,7,61,28,22.8,10.5,0.195,0.331,0.283,0.614,0.229,0.355,0.273,0.298,0.314,0.125,68.7,3.1,6.5,5.3,32.2,26.1,7.5,19,84.0,15.5,38.6,5.7,26.7,95.746731264,91.876891724,23.9,47.1
"Frazier, Adam",Royals,2,2000000,,0,0.0,Adam Frazier,262,294,53,38,10,1,4,59,22,20.1,7.5,0.202,0.294,0.282,0.576,0.238,0.318,0.261,0.286,0.314,0.08,66.5,1.2,4.8,3.9,30.3,24.8,6.9,11,84.5,15.3,37.9,2.9,22.8,95.005808416,91.560763134,18.8,47.0
"Hampson, Garrett",Royals,2,2000000,,0,0.0,Garrett Hampson,213,231,49,35,13,1,0,59,14,25.5,6.1,0.23,0.3,0.275,0.575,0.206,0.282,0.255,0.244,0.254,0.077,69.1,2.8,10.6,8.2,31.8,24.7,7.0,4,86.0,16.1,31.6,4.4,30.4,96.882247895,92.472205166,22.9,47.6
"Refsnyder, Rob",Red Sox,OF,1850000,,0,0.0,Rob Refsnyder,272,307,77,49,16,1,11,78,28,25.4,9.1,0.283,0.471,0.359,0.83,0.252,0.412,0.358,0.326,0.333,0.16,72.8,28.0,17.4,13.1,31.3,23.5,7.6,10,89.6,10.7,32.8,9.7,43.1,101.623071856,95.034267165,28.1,46.2
"Knizner, Andrew",Rangers,C,1825000,,0,0.0,Andrew Knizner,90,93,15,13,1,0,1,22,1,23.7,1.1,0.167,0.211,0.183,0.394,0.232,0.324,0.174,0.248,0.246,0.092,70.3,7.9,10.7,7.9,32.2,23.8,7.0,3,87.3,11.9,33.3,4.3,34.8,98.242582,93.279161304,27.3,55.0
"Madrigal, Nick",Cubs,INF,1810000,,0,0.0,Nick Madrigal,86,94,19,16,3,0,0,10,4,10.6,4.3,0.221,0.256,0.28,0.536,0.243,0.291,0.245,0.27,0.301,0.048,65.4,2.2,2.4,2.2,33.3,30.2,6.5,2,85.1,3.4,27.3,0.0,18.2,94.487136053,91.287135867,11.2,50.0
"Cooper, Garrett",Cubs,1,1750000,,0,0.0,Garrett Cooper,107,116,22,15,5,1,1,35,7,30.2,6.0,0.206,0.299,0.267,0.566,0.261,0.412,0.253,0.321,0.319,0.151,72.9,26.9,10.3,7.4,28.6,20.6,7.8,3,85.9,12.7,47.2,9.7,36.1,98.9080275,93.4931725,29.5,46.7
"DeJong, Paul",White Sox,SS,1750000,,0,0.0,Paul DeJong,445,482,101,60,17,0,24,156,23,32.4,4.8,0.227,0.427,0.276,0.703,0.218,0.395,0.302,0.291,0.27,0.177,72.0,15.5,12.0,8.1,27.0,18.3,6.9,11,87.8,20.0,36.4,10.2,41.5,99.999893878,94.174456531,34.9,58.0
"Andujar, Miguel",Athletics,OF,1700000,,0,0.0,Miguel Andujar,302,319,86,67,14,1,4,42,13,13.2,4.1,0.285,0.377,0.32,0.697,0.26,0.337,0.306,0.282,0.296,0.077,71.6,22.2,11.6,9.9,31.0,26.6,7.6,8,86.1,9.2,26.1,2.7,33.7,97.864980763,92.955361494,16.0,50.4
"Sosa, Edmundo",Phillies,INF,1700000,,0,0.0,Edmundo Sosa,249,274,64,41,12,4,7,66,13,24.1,4.7,0.257,0.422,0.313,0.735,0.243,0.387,0.318,0.305,0.302,0.144,73.0,33.7,13.0,9.1,26.6,18.5,8.3,3,89.2,12.8,28.5,8.6,41.4,100.484249348,94.380628306,31.4,56.8
"Jankowski, Travis",Rangers,OF,1700000,,0,0.0,Travis Jankowski,190,207,38,32,5,0,1,44,12,21.3,5.8,0.2,0.242,0.266,0.508,0.207,0.252,0.234,0.241,0.272,0.046,67.0,1.9,5.2,4.2,33.3,26.8,6.5,7,85.4,5.9,25.3,0.7,24.7,95.346098056,91.700885874,20.7,44.8
"Rogers, Jake",Tigers,C,1700000,,0,0.0,Jake Rogers,310,337,61,34,16,1,10,99,22,29.4,6.5,0.197,0.352,0.255,0.607,0.218,0.413,0.264,0.297,0.276,0.194,70.7,6.4,14.2,9.7,39.2,26.6,7.4,12,89.0,15.7,32.9,9.9,41.8,99.180639906,93.973828585,32.7,47.6
"Grichuk, Randal",Diamondbacks,OF,1500000,,0,0.0,Randal Grichuk,254,279,74,40,20,2,12,46,20,16.5,7.2,0.291,0.528,0.348,0.876,0.278,0.483,0.373,0.359,0.338,0.206,73.7,35.4,18.9,15.2,34.7,27.9,7.7,10,90.6,17.3,34.3,11.0,47.6,102.436633714,95.601048095,20.4,47.3
"Rosario, Amed",Rays,INF,1500000,,0,0.0,Amed Rosario,332,346,93,69,18,3,3,73,9,21.1,2.6,0.28,0.38,0.306,0.686,0.25,0.359,0.299,0.28,0.278,0.109,71.2,16.7,11.7,9.0,31.2,23.9,7.3,8,86.9,4.6,33.5,4.6,36.2,98.559932462,93.290414231,24.6,55.2
"McGuire, Reese",Red Sox,C,1500000,,0,0.0,Reese McGuire,139,158,29,23,3,0,3,39,13,24.7,8.2,0.209,0.295,0.28,0.575,0.222,0.341,0.259,0.282,0.293,0.12,68.8,6.1,8.2,6.6,27.1,21.7,8.1,5,84.0,12.4,29.8,6.7,26.9,95.6847612,91.98821798,24.5,45.0
"Stallings, Jacob",Rockies,C,1500000,,0,0.0,Jacob Stallings,243,281,64,37,17,1,9,65,27,23.1,9.6,0.263,0.453,0.357,0.81,0.235,0.381,0.353,0.318,0.334,0.146,67.6,1.2,10.5,7.7,36.3,26.6,7.2,9,86.6,12.8,38.9,7.2,34.4,97.816675843,92.986677006,29.8,45.4
"Tovar, Ezequiel",Rockies,SS,1500000,7,63500000,9071428.0,Ezequiel Tovar,655,695,176,101,45,4,26,200,23,28.8,3.3,0.269,0.469,0.295,0.764,0.233,0.401,0.324,0.289,0.264,0.168,71.3,18.9,11.8,8.0,30.6,20.9,7.5,17,88.8,18.9,38.5,9.0,39.8,99.306485852,93.964016332,33.5,62.3
"Urshela, Gio",Tigers,3,1500000,,0,0.0,Gio Urshela,432,461,108,79,19,1,9,72,23,15.6,5.0,0.25,0.361,0.286,0.647,0.264,0.389,0.281,0.302,0.302,0.126,68.2,4.2,9.0,7.3,35.9,29.0,7.1,10,86.4,10.5,38.6,4.9,28.4,96.696776409,92.394270526,20.3,54.6
"Stewart, DJ",Mets,OF,1380000,,0,0.0,DJ Stewart,158,194,28,19,4,0,5,48,31,24.7,16.0,0.177,0.297,0.325,0.622,0.212,0.346,0.29,0.326,0.357,0.134,71.5,19.2,16.1,11.4,35.0,24.7,7.1,2,89.7,19.1,34.2,8.1,39.6,100.346718909,94.280565091,30.0,40.9
"Bauers, Jake",Brewers,1,1350000,,0,0.0,Jake Bauers,302,346,60,37,9,2,12,118,39,34.1,11.3,0.199,0.361,0.301,0.662,0.201,0.379,0.294,0.302,0.303,0.178,73.8,31.0,11.0,8.2,23.8,17.6,7.5,14,89.4,22.6,38.6,10.3,42.9,99.96682033,94.377085138,29.1,45.8
"Olivares, Edward",Pirates,OF,1350000,,0,0.0,Edward Olivares,174,196,39,30,4,0,5,37,16,18.9,8.2,0.224,0.333,0.291,0.624,0.28,0.397,0.276,0.332,0.348,0.117,71.8,23.4,14.2,10.9,28.8,22.0,7.3,4,86.8,9.2,35.5,6.4,35.5,98.508436056,93.311684681,24.2,51.0
"Kirilloff, Alex",Twins,INF,1350000,,0,0.0,Alex Kirilloff,159,178,32,16,8,3,5,47,15,26.4,8.4,0.201,0.384,0.27,0.654,0.218,0.419,0.282,0.31,0.289,0.202,72.4,19.4,16.8,11.9,35.3,25.0,7.8,3,91.3,13.2,27.0,11.3,40.9,100.310300172,94.70393913,30.9,49.2
"Toro, Abraham",Athletics,INF,1275000,,0,0.0,Abraham Toro,337,364,81,57,17,1,6,62,20,17.0,5.5,0.24,0.35,0.293,0.643,0.245,0.365,0.283,0.291,0.297,0.12,69.6,10.7,10.7,8.9,36.2,29.9,7.6,4,87.2,12.2,33.2,4.3,29.6,97.476845145,92.798620509,17.4,48.1
"Walsh, Jared",Rangers,1,1250000,,0,0.0,Jared Walsh,53,60,12,9,2,0,1,21,7,35.0,11.7,0.226,0.321,0.317,0.638,0.241,0.4,0.289,0.324,0.329,0.16,75.0,50.8,12.5,6.8,28.1,15.3,7.6,1,84.2,21.5,40.6,9.4,31.3,99.623474375,93.811737188,41.3,41.6
"Lux, Gavin",Dodgers,2,1225000,,0,0.0,Gavin Lux,439,487,110,74,24,2,10,110,44,22.6,9.0,0.251,0.383,0.32,0.703,0.259,0.386,0.31,0.318,0.33,0.127,71.3,15.8,13.7,10.8,32.8,26.0,7.3,20,88.3,9.1,35.0,6.0,41.1,98.995997212,93.691033374,23.3,45.1
"Guillorme, Luis",Braves,INF,1100000,,0,0.0,Luis Guillorme,161,187,33,23,9,1,0,36,23,19.3,12.3,0.205,0.273,0.301,0.574,0.223,0.29,0.263,0.279,0.317,0.067,64.9,1.0,4.5,3.8,38.7,32.2,7.5,4,85.5,5.7,32.8,2.3,21.1,94.424899375,91.273931654,18.9,42.3
"Vargas, Ildemaro",Nationals,INF,1100000,,0,0.0,Ildemaro Vargas,272,303,67,50,16,0,1,31,19,10.2,6.3,0.246,0.316,0.295,0.611,0.255,0.322,0.271,0.28,0.305,0.067,69.6,8.4,8.7,7.7,40.2,35.6,7.2,3,87.0,4.0,29.5,1.2,31.9,97.073438667,92.579283167,12.6,46.4
"Kemp, Tony",Orioles,OF,1000000,,0,0.0,Tony Kemp,9,10,0,0,0,0,0,1,1,10.0,10.0,0.0,0.0,0.1,0.1,0.134,0.175,0.069,0.187,0.22,0.041,62.6,0.0,0.0,0.0,50.0,37.5,6.6,1,82.8,17.6,25.0,0.0,12.5,92.937755,90.954065714,13.6,59.5
"Profar, Jurickson",Padres,OF,1000000,,0,0.0,Jurickson Profar,564,668,158,105,29,0,24,101,76,15.1,11.4,0.28,0.459,0.38,0.839,0.282,0.444,0.365,0.364,0.383,0.161,71.7,22.8,12.4,10.4,32.2,27.0,7.3,13,91.1,13.4,31.3,7.2,44.4,100.952441293,94.862553707,17.0,45.6
"Cave, Jake",Rockies,OF,1000000,,0,0.0,Jake Cave,323,346,81,53,16,5,7,98,18,28.3,5.2,0.251,0.396,0.29,0.686,0.233,0.357,0.295,0.277,0.275,0.123,69.5,7.2,9.4,6.9,30.6,22.3,7.0,17,87.5,7.5,35.8,5.2,37.1,98.314485398,93.366757022,28.2,52.6
"Pillar, Kevin",White Sox,OF,1000000,,0,0.0,Kevin Pillar,284,314,65,40,16,1,8,69,16,22.0,5.1,0.229,0.377,0.291,0.668,0.221,0.329,0.293,0.275,0.284,0.109,69.4,5.7,8.7,7.0,27.8,22.2,7.6,28,84.6,17.9,36.5,3.7,29.7,96.438782936,92.245806101,24.5,52.4
"Haggerty, Sam",Mariners,2,900000,,0,0.0,Sam Haggerty,15,16,1,1,0,0,0,4,1,25.0,6.3,0.067,0.067,0.125,0.192,0.169,0.197,0.098,0.195,0.221,0.028,70.1,13.0,11.1,8.7,38.9,30.4,7.1,2,84.3,5.7,27.3,0.0,18.2,95.088311667,92.426815455,28.6,47.5
"Gordon, Nick",Marlins,OF,900000,,0,0.0,Nick Gordon,260,275,59,39,11,1,8,67,11,24.4,4.0,0.227,0.369,0.258,0.627,0.218,0.351,0.271,0.263,0.252,0.133,68.2,3.6,9.0,6.2,32.9,22.8,7.3,11,86.1,6.5,34.7,6.1,29.6,96.567867732,92.321775928,32.0,59.8
"Ahmed, Nick",Giants,SS,850000,,0,0.0,Nick Ahmed,210,228,48,39,6,1,2,51,11,22.4,4.8,0.229,0.295,0.267,0.562,0.226,0.32,0.248,0.259,0.266,0.093,67.9,0.5,5.2,3.8,30.5,22.5,7.3,5,84.9,13.4,29.7,3.0,23.0,95.399118608,91.729839045,26.0,54.8
"Wade, Tyler",Padres,3,850000,,0,0.0,Tyler Wade,138,156,30,27,3,0,0,29,11,18.6,7.1,0.217,0.239,0.285,0.524,0.244,0.31,0.242,0.281,0.309,0.066,66.1,1.6,4.7,3.8,38.3,31.3,6.7,0,83.7,14.5,38.1,1.8,17.7,93.385363922,90.890811782,20.8,44.1
"Stubbs, Garrett",Phillies,C,850000,,0,0.0,Garrett Stubbs,164,187,34,28,4,1,1,50,17,26.7,9.1,0.207,0.262,0.296,0.558,0.192,0.238,0.258,0.246,0.283,0.047,66.6,1.6,1.7,1.3,23.7,18.2,7.1,6,79.7,19.4,40.9,0.0,9.6,90.095995,89.651776916,24.9,49.6
"Volpe, Anthony",Yankees,SS,810100,,0,0.0,Anthony Volpe,637,689,155,109,27,7,12,156,42,22.6,6.1,0.243,0.364,0.293,0.657,0.238,0.332,0.287,0.278,0.291,0.094,69.5,4.7,10.8,8.5,33.2,26.2,7.1,29,87.7,8.4,33.3,3.9,35.4,98.177841555,93.206482989,22.6,48.1
"Perkins, Blake",Brewers,OF,800000,,0,0.0,Blake Perkins,383,434,92,71,13,2,6,108,42,24.9,9.7,0.24,0.332,0.316,0.648,0.218,0.311,0.288,0.275,0.298,0.093,69.4,3.2,12.9,9.3,42.3,30.6,7.3,13,88.8,12.0,32.0,3.9,37.7,97.789208222,93.114376074,27.1,42.4
"Raleigh, Cal",Mariners,C,795000,,0,0.0,Cal Raleigh,546,628,120,70,16,0,34,176,70,28.0,11.1,0.22,0.436,0.312,0.748,0.233,0.476,0.323,0.346,0.326,0.243,74.5,45.1,15.9,11.3,28.5,20.2,7.8,15,91.0,21.2,35.6,15.4,48.1,102.032071755,95.508789467,31.0,52.3
"Perdomo, Geraldo",Diamondbacks,SS,786000,,0,0.0,Geraldo Perdomo,337,388,92,66,21,2,3,58,36,14.9,9.3,0.273,0.374,0.344,0.718,0.231,0.314,0.317,0.281,0.307,0.083,66.9,2.2,7.6,6.6,38.4,33.6,6.8,11,87.0,16.9,28.9,3.1,25.8,96.084793623,92.044093913,12.2,40.5
"Cabrera, Oswaldo",Yankees,OF,783000,,0,0.0,Oswaldo Cabrera,299,326,74,55,11,0,8,63,21,19.3,6.4,0.247,0.365,0.296,0.661,0.248,0.334,0.29,0.285,0.301,0.086,68.3,1.6,9.8,7.9,33.8,27.2,7.0,3,88.2,12.5,34.0,3.7,34.9,97.641570336,92.88412097,18.8,47.8
"Adell, Jo",Angels,OF,770000,,0,0.0,Jo Adell,405,451,84,47,15,2,20,126,35,27.9,7.8,0.207,0.402,0.28,0.682,0.224,0.418,0.296,0.312,0.297,0.193,76.7,65.9,15.2,11.0,25.1,18.2,7.6,20,89.8,15.9,30.5,11.7,44.7,102.6788005,95.748719749,29.8,49.7
"Moniak, Mickey",Angels,OF,770000,,0,0.0,Mickey Moniak,392,418,86,53,17,2,14,114,21,27.3,5.0,0.219,0.38,0.266,0.646,0.221,0.379,0.281,0.283,0.267,0.158,73.1,28.6,13.0,9.3,28.2,20.2,7.7,10,88.1,19.8,31.9,9.3,34.4,99.494460797,93.816907681,30.6,56.7
"Thaiss, Matt",Angels,C,770000,,0,0.0,Matt Thaiss,157,186,32,21,9,0,2,58,28,31.2,15.1,0.204,0.299,0.323,0.622,0.194,0.323,0.286,0.291,0.315,0.129,72.4,23.5,14.4,9.0,29.8,18.7,7.8,9,86.6,12.9,33.0,8.0,40.0,99.8347254,94.000036869,39.6,44.8
"Outman, James",Dodgers,OF,770000,,0,0.0,James Outman,136,156,20,12,4,0,4,55,16,35.3,10.3,0.147,0.265,0.256,0.521,0.198,0.319,0.242,0.282,0.301,0.121,73.2,31.2,11.2,6.9,25.6,15.8,7.9,7,87.6,15.3,38.3,4.9,38.3,100.237923902,94.412729136,37.1,47.6
"Bart, Joey",Giants,C,770000,,0,0.0,Joey Bart,253,282,67,43,11,0,13,73,22,25.9,7.8,0.265,0.462,0.337,0.799,0.247,0.431,0.347,0.33,0.322,0.183,74.8,51.0,16.2,12.0,29.0,21.4,7.5,10,88.1,10.5,32.6,9.4,38.7,100.959040333,94.605861732,26.2,43.7
"Thomas, Alek",Diamondbacks,OF,769500,,0,0.0,Alek Thomas,95,103,18,9,5,1,3,17,7,16.5,6.8,0.189,0.358,0.245,0.603,0.278,0.446,0.262,0.337,0.327,0.168,70.9,8.1,18.7,14.7,44.9,35.3,7.1,5,91.2,1.0,26.6,7.6,46.8,101.335202632,95.041754868,25.1,49.2
"Diaz, Yainer",Astros,C,768900,,0,0.0,Yainer Diaz,585,619,175,127,29,3,16,107,24,17.3,3.9,0.299,0.441,0.325,0.766,0.299,0.458,0.329,0.339,0.327,0.159,72.6,23.7,17.1,13.2,34.4,26.5,7.4,17,90.2,8.9,35.0,7.6,47.5,101.297056214,95.034359505,24.0,58.8
"De La Cruz, Bryan",Marlins,OF,768000,,0,0.0,Bryan De La Cruz,584,622,136,90,25,0,21,170,29,27.3,4.7,0.233,0.384,0.271,0.655,0.242,0.419,0.283,0.302,0.28,0.177,71.8,19.8,12.7,9.2,32.7,23.7,7.7,20,89.6,13.1,35.6,9.3,41.3,99.848652919,94.22196445,30.1,53.4
"Stott, Bryson",Phillies,2,768000,,0,0.0,Bryson Stott,506,571,124,92,19,2,11,93,53,16.3,9.3,0.245,0.356,0.315,0.671,0.254,0.363,0.296,0.306,0.325,0.109,68.2,1.9,8.8,7.5,34.8,29.7,7.1,22,87.0,14.0,35.3,3.6,30.8,97.149266143,92.631038831,17.0,44.1
"Meyers, Jake",Astros,OF,767300,,0,0.0,Jake Meyers,461,513,101,65,20,3,13,117,35,22.8,6.8,0.219,0.36,0.286,0.646,0.235,0.382,0.285,0.304,0.303,0.147,68.6,7.8,10.6,8.0,31.6,23.8,7.0,31,88.2,14.4,34.8,6.8,37.0,99.317270058,93.726741906,27.0,49.1
"Morel, Christopher",Cubs,3,767000,,0,0.0,Christopher Morel,535,611,105,70,11,3,21,159,61,26.0,10.0,0.196,0.346,0.288,0.634,0.225,0.399,0.28,0.316,0.316,0.174,76.1,64.7,17.6,11.7,30.2,20.1,8.0,24,89.2,14.2,27.6,10.2,40.4,101.221222105,94.784090605,34.1,47.0
"Contreras, William",Brewers,C,766900,,0,0.0,William Contreras,595,679,167,105,37,2,23,139,78,20.5,11.5,0.281,0.466,0.365,0.831,0.269,0.471,0.359,0.358,0.356,0.202,74.7,50.4,21.1,15.7,34.9,25.9,7.3,25,92.8,6.1,29.0,10.0,49.5,103.875480043,96.642602527,27.8,47.4
"Peraza, Oswald",Yankees,SS,766600,,0,0.0,Oswald Peraza,10,11,2,1,0,0,1,3,1,27.3,9.1,0.2,0.5,0.273,0.773,0.228,0.488,0.329,0.341,0.298,0.26,74.6,53.8,10.0,7.7,30.0,23.1,7.4,1,87.0,5.9,42.9,14.3,28.6,97.08963,93.497784286,30.0,50.0
"Marsh, Brandon",Phillies,OF,766500,,0,0.0,Brandon Marsh,418,476,104,68,17,3,16,154,50,32.4,10.5,0.249,0.419,0.328,0.747,0.236,0.406,0.326,0.324,0.321,0.17,71.9,15.4,14.8,11.1,33.8,25.2,7.2,4,91.6,13.8,40.7,10.0,47.4,101.08883194,95.182442734,27.5,41.3
"Greene, Riley",Tigers,OF,766300,,0,0.0,Riley Greene,512,584,134,77,27,6,24,156,64,26.7,11.0,0.262,0.479,0.348,0.827,0.253,0.477,0.355,0.353,0.341,0.224,74.6,45.3,16.9,12.5,30.6,22.7,7.2,7,91.3,12.2,39.1,13.4,47.1,102.088081676,95.54007409,26.8,44.3
"McCarthy, Jake",Diamondbacks,OF,766000,,0,0.0,Jake McCarthy,442,495,126,98,13,7,8,78,31,15.8,6.3,0.285,0.4,0.349,0.749,0.265,0.359,0.329,0.311,0.333,0.094,67.3,3.1,6.8,5.7,31.8,26.5,6.7,12,84.5,9.1,30.4,2.7,24.5,95.637290857,91.834529486,17.6,49.3
"Vierling, Matt",Tigers,OF,766000,,0,0.0,Matt Vierling,518,567,133,84,28,5,16,121,41,21.3,7.2,0.257,0.423,0.312,0.735,0.256,0.393,0.317,0.309,0.313,0.137,71.1,12.2,15.6,12.5,35.6,28.6,7.4,8,89.8,11.7,34.1,7.5,40.9,100.235830606,94.344722247,19.5,42.8
"Torkelson, Spencer",Tigers,1,765700,,0,0.0,Spencer Torkelson,342,381,75,43,21,1,10,105,33,27.6,8.7,0.219,0.374,0.295,0.669,0.209,0.351,0.295,0.283,0.286,0.142,73.6,28.9,12.0,9.0,26.0,19.5,7.5,11,89.0,20.2,31.5,6.7,39.7,99.687498067,94.009349451,26.6,46.0
"McKinstry, Zach",Tigers,INF,764400,,0,0.0,Zach McKinstry,297,325,64,41,14,5,4,69,24,21.2,7.4,0.215,0.337,0.277,0.614,0.238,0.364,0.27,0.294,0.299,0.126,67.2,0.8,8.8,7.0,39.0,30.8,6.7,5,88.0,18.7,37.8,4.3,32.6,97.327044,92.860583362,22.1,47.7
"Reyes, Pablo",Red Sox,INF,764000,,0,0.0,Pablo Reyes,60,64,11,9,2,0,0,19,3,29.7,4.7,0.183,0.217,0.234,0.451,0.211,0.3,0.207,0.251,0.26,0.089,69.2,2.8,10.7,8.3,37.5,29.2,7.2,0,88.0,13.2,31.7,4.9,31.7,98.01069381,93.163830732,19.8,42.1
"Alvarez, Francisco",Mets,C,762500,,0,0.0,Francisco Alvarez,308,342,73,46,14,2,11,86,30,25.1,8.8,0.237,0.403,0.307,0.71,0.22,0.358,0.31,0.289,0.292,0.139,73.6,37.9,16.3,11.8,31.1,22.6,7.2,11,88.8,6.9,27.2,6.7,42.0,101.298215536,94.784205516,29.6,46.1
"Nootbaar, Lars",Cardinals,OF,761000,,0,0.0,Lars Nootbaar,348,405,85,52,18,3,12,79,52,19.5,12.8,0.244,0.417,0.342,0.759,0.264,0.455,0.331,0.355,0.359,0.191,72.6,28.2,21.4,17.8,37.3,31.0,6.8,15,91.8,6.0,32.2,9.9,49.5,102.282162353,95.717855683,19.0,37.2
"Carpenter, Kerry",Tigers,OF,761000,,0,0.0,Kerry Carpenter,264,296,75,36,16,5,18,75,22,25.3,7.4,0.284,0.587,0.345,0.932,0.265,0.555,0.39,0.379,0.332,0.29,71.6,15.7,16.4,11.8,33.7,24.2,7.5,11,90.5,17.6,40.1,17.7,46.4,100.928032292,94.944129215,30.3,50.5
"Pache, Cristian",Phillies,OF,760500,,0,0.0,Cristian Pache,165,183,33,23,8,1,1,64,17,35.0,9.3,0.2,0.279,0.273,0.552,0.195,0.283,0.25,0.25,0.269,0.088,71.7,15.1,12.4,8.5,28.1,19.3,7.4,7,89.9,9.8,26.5,4.9,38.2,99.682097,94.253817172,33.2,48.7
"Rutschman, Adley",Orioles,C,760300,,0,0.0,Adley Rutschman,571,638,143,102,21,1,19,103,58,16.1,9.1,0.25,0.391,0.318,0.709,0.255,0.393,0.309,0.315,0.325,0.138,69.0,6.4,10.6,8.9,35.7,30.0,6.9,9,88.2,18.8,35.4,6.1,36.6,98.081119454,93.149039684,17.1,44.5
"Moreno, Gabriel",Diamondbacks,C,760100,,0,0.0,Gabriel Moreno,305,351,81,57,18,1,5,52,41,14.8,11.7,0.266,0.38,0.353,0.733,0.255,0.384,0.325,0.325,0.345,0.13,70.7,13.0,14.9,12.1,36.1,29.2,7.0,7,90.0,8.8,33.6,6.6,41.0,99.887726484,94.221263359,18.5,41.2
"O'Hoppe, Logan",Angels,C,760000,,0,0.0,Logan O'Hoppe,479,522,117,79,17,1,20,155,33,29.7,6.3,0.244,0.409,0.303,0.712,0.251,0.454,0.311,0.331,0.31,0.203,70.7,17.4,14.6,10.1,32.9,22.7,7.3,41,90.4,15.3,42.9,12.0,46.3,101.233350982,95.0870388,33.6,52.0
"Kelenic, Jarred",Braves,OF,760000,,0,0.0,Jarred Kelenic,412,449,95,60,18,2,15,133,32,29.6,7.1,0.231,0.393,0.286,0.679,0.241,0.412,0.294,0.308,0.296,0.171,72.7,24.8,16.5,11.1,34.8,23.5,7.3,18,89.8,16.0,38.2,9.9,45.2,100.297571631,94.504780603,33.4,49.9
"Burger, Jake",Marlins,3,760000,,0,0.0,Jake Burger,535,579,134,81,23,1,29,150,31,25.9,5.4,0.25,0.46,0.301,0.761,0.256,0.476,0.325,0.338,0.307,0.221,74.7,46.9,20.2,14.4,33.4,23.9,7.5,17,91.3,13.0,32.4,12.3,46.8,103.619986856,96.171144407,30.1,52.4
"Casas, Triston",Red Sox,1,760000,,0,0.0,Triston Casas,212,243,51,30,8,0,13,77,30,31.7,12.3,0.241,0.462,0.337,0.799,0.219,0.452,0.342,0.33,0.319,0.233,74.6,49.3,13.6,9.5,28.9,20.2,7.7,10,90.2,10.5,35.6,13.3,45.2,101.435410588,95.112485926,32.2,44.5
"Dalbec, Bobby",Red Sox,INF,760000,,0,0.0,Bobby Dalbec,83,93,11,8,2,0,1,43,8,46.2,8.6,0.133,0.193,0.217,0.41,0.119,0.171,0.194,0.18,0.205,0.052,72.3,19.9,9.0,5.1,27.0,15.4,7.2,4,86.0,10.0,19.5,2.4,39.0,98.6997445,93.55091125,41.8,47.0
"Duran, Jarren",Red Sox,OF,760000,,0,0.0,Jarren Duran,671,735,191,108,48,14,21,160,54,21.8,7.3,0.285,0.492,0.342,0.834,0.275,0.453,0.357,0.342,0.334,0.178,73.6,36.4,17.9,13.8,30.2,23.3,7.6,21,90.8,9.5,33.8,9.3,43.9,101.928155512,95.341113209,24.8,48.3
"Wong, Connor",Red Sox,C,760000,,0,0.0,Connor Wong,447,487,125,87,24,1,13,114,28,23.4,5.7,0.28,0.425,0.333,0.758,0.231,0.355,0.33,0.288,0.29,0.124,72.0,17.5,13.3,9.6,29.4,21.3,7.3,11,86.5,12.9,30.7,6.3,34.5,98.745018171,93.452738532,28.8,51.6
"Fortes, Nick",Marlins,C,759000,,0,0.0,Nick Fortes,308,335,70,50,16,0,4,41,11,12.2,3.3,0.227,0.318,0.259,0.577,0.225,0.29,0.252,0.245,0.259,0.065,71.3,19.4,10.1,8.7,31.2,26.9,7.1,4,84.3,15.4,29.0,1.4,22.6,95.578582782,91.819744812,13.2,49.3
"Isbel, Kyle",Royals,OF,758250,,0,0.0,Kyle Isbel,384,426,88,59,13,8,8,88,27,20.7,6.3,0.229,0.367,0.287,0.654,0.234,0.333,0.286,0.281,0.293,0.099,70.8,10.8,13.0,10.6,33.2,27.1,7.2,5,88.1,9.0,24.8,3.9,36.3,99.427451293,93.787078878,19.3,46.1
"Siri, Jose",Rays,OF,757800,,0,0.0,Jose Siri,402,448,75,40,16,1,18,170,31,37.9,6.9,0.187,0.366,0.255,0.621,0.2,0.409,0.271,0.297,0.269,0.209,72.5,27.2,14.9,9.2,27.3,16.8,7.8,20,87.5,15.4,35.7,14.7,41.6,100.732893305,94.47103983,41.9,50.9
"Clement, Ernie",Blue Jays,2,757700,,0,0.0,Ernie Clement,434,452,114,78,21,3,12,41,11,9.1,2.4,0.263,0.408,0.284,0.692,0.252,0.373,0.297,0.282,0.275,0.121,66.8,1.0,6.9,6.1,41.7,36.9,6.8,13,85.5,16.3,34.3,3.8,24.9,95.659056327,91.830379974,14.4,57.0
"Kwan, Steven",Guardians,OF,757600,,0,0.0,Steven Kwan,480,540,140,107,16,3,14,51,53,9.4,9.8,0.292,0.425,0.368,0.793,0.284,0.385,0.349,0.333,0.361,0.101,64.4,0.4,5.9,5.5,41.9,38.8,6.4,8,86.3,14.9,38.5,2.6,23.7,95.04543782,91.531639359,8.2,39.1
"Walls, Taylor",Rays,INF,757300,,0,0.0,Taylor Walls,218,252,40,31,5,3,1,67,31,26.6,12.3,0.183,0.248,0.282,0.53,0.184,0.259,0.245,0.252,0.284,0.075,67.3,1.7,5.9,4.5,32.5,24.5,7.2,8,86.1,18.2,29.9,3.2,24.0,95.086734605,91.544710263,25.0,45.1
"Donovan, Brendan",Cardinals,INF,757200,,0,0.0,Brendan Donovan,587,652,163,112,34,3,14,81,47,12.4,7.2,0.278,0.417,0.342,0.759,0.277,0.419,0.332,0.335,0.343,0.142,69.6,7.2,13.8,12.0,40.5,35.2,6.9,14,88.7,13.2,36.6,5.5,37.6,98.552237391,93.418618597,15.1,44.2
"Massey, Michael",Royals,2,757000,,0,0.0,Michael Massey,332,356,86,53,17,2,14,56,15,15.7,4.2,0.259,0.449,0.294,0.743,0.258,0.414,0.317,0.309,0.295,0.156,70.8,8.3,11.9,10.0,35.5,29.8,7.2,6,89.2,16.8,34.4,7.1,36.9,98.396031151,93.36810777,17.9,52.0
"Sheets, Gavin",White Sox,INF,756950,,0,0.0,Gavin Sheets,451,501,105,70,24,1,10,106,43,21.2,8.6,0.233,0.357,0.303,0.66,0.251,0.38,0.291,0.309,0.32,0.129,72.7,29.7,12.7,10.1,28.2,22.6,7.6,27,87.8,13.5,41.1,5.7,35.3,98.863415862,93.510571585,23.0,46.2
"Zavala, Seby",Mariners,C,756700,,0,0.0,Seby Zavala,39,43,6,3,2,0,1,16,3,37.2,7.0,0.154,0.282,0.214,0.496,0.178,0.352,0.221,0.257,0.237,0.174,68.6,6.0,11.4,7.5,29.5,19.4,7.2,3,90.5,19.9,41.7,4.2,41.7,99.439761667,94.559434783,36.9,49.1
"Henderson, Gunnar",Orioles,SS,756200,,0,0.0,Gunnar Henderson,630,719,177,102,31,7,37,159,78,22.1,10.8,0.281,0.529,0.364,0.893,0.283,0.492,0.381,0.374,0.368,0.208,76.3,64.0,22.6,17.6,32.1,25.1,7.2,20,92.8,9.2,34.5,11.2,53.9,104.002332911,96.835723291,24.4,44.2
"Jung, Josh",Rangers,3,756000,,0,0.0,Josh Jung,178,188,47,34,5,1,7,48,8,25.5,4.3,0.264,0.421,0.298,0.719,0.241,0.397,0.311,0.292,0.276,0.156,72.0,14.6,10.7,7.5,35.5,25.0,7.2,5,86.2,12.2,38.2,9.9,39.7,97.932886515,93.114510916,31.9,51.9
"Lowe, Josh",Rays,OF,755700,,0,0.0,Josh Lowe,353,387,85,54,19,2,10,123,32,31.8,8.3,0.241,0.391,0.302,0.693,0.228,0.388,0.299,0.295,0.292,0.16,73.3,32.7,13.4,9.2,28.2,19.2,7.2,9,90.8,16.9,37.9,10.3,46.1,100.893361034,94.928910905,31.9,51.6
"Gorman, Nolan",Cardinals,2,755550,,0,0.0,Nolan Gorman,365,402,74,40,15,0,19,151,34,37.6,8.5,0.203,0.4,0.271,0.671,0.209,0.433,0.29,0.307,0.278,0.223,73.2,30.2,14.1,9.3,26.1,17.2,7.5,16,88.5,20.3,40.3,16.7,38.6,100.727790741,94.443953953,38.7,51.0
"Rortvedt, Ben",Rays,C,755400,,0,0.0,Ben Rortvedt,290,328,66,50,13,0,3,88,34,26.8,10.4,0.228,0.303,0.317,0.62,0.202,0.287,0.283,0.267,0.295,0.085,69.7,5.2,7.7,5.6,32.1,23.5,7.1,7,86.2,11.9,30.2,3.5,30.7,96.9585767,92.49508965,26.7,43.0
"Cruz, Oneil",Pirates,SS,755000,,0,0.0,Oneil Cruz,541,599,140,82,34,3,21,181,51,30.2,8.5,0.259,0.449,0.324,0.773,0.263,0.461,0.331,0.34,0.329,0.199,78.6,75.6,24.6,16.6,34.1,22.9,7.7,9,95.5,9.8,32.1,15.7,54.9,107.199352928,98.547881492,34.1,46.3
"Delay, Jason",Pirates,C,755000,,0,0.0,Jason Delay,15,19,3,0,3,0,0,0,3,0.0,15.8,0.2,0.4,0.333,0.733,0.195,0.239,0.324,0.275,0.329,0.045,68.8,0.0,0.0,0.0,53.3,47.1,7.4,0,83.2,22.4,18.8,0.0,18.8,93.39193125,90.875696667,23.1,52.0
"Suwinski, Jack",Pirates,OF,755000,,0,0.0,Jack Suwinski,247,277,45,28,8,0,9,79,27,28.5,9.7,0.182,0.324,0.264,0.588,0.22,0.361,0.26,0.292,0.299,0.141,73.3,32.7,12.5,9.2,27.0,19.8,7.3,7,88.9,12.9,28.8,8.8,38.2,100.854161429,94.49330497,27.4,46.5
"Campusano, Luis",Padres,C,754700,,0,0.0,Luis Campusano,277,299,63,42,13,0,8,41,20,13.7,6.7,0.227,0.361,0.281,0.642,0.242,0.35,0.282,0.289,0.297,0.108,69.2,7.2,12.2,9.9,36.8,30.0,7.6,2,87.7,9.9,27.4,4.6,34.2,98.345403475,93.277557745,20.5,50.9
"Duran, Ezequiel",Rangers,INF,754500,,0,0.0,Ezequiel Duran,268,285,66,52,11,0,3,63,14,22.1,4.9,0.246,0.321,0.288,0.609,0.215,0.309,0.27,0.252,0.258,0.094,72.6,25.3,12.6,9.9,29.0,22.7,7.2,10,87.1,8.9,28.2,3.4,35.9,98.680111262,93.37676239,24.7,56.4
"Raley, Luke",Mariners,1,754200,,0,0.0,Luke Raley,404,455,98,55,19,2,22,135,27,29.7,5.9,0.243,0.463,0.32,0.783,0.22,0.418,0.339,0.316,0.301,0.198,75.0,50.8,16.8,11.4,27.0,18.4,7.2,16,90.1,13.5,31.5,11.0,41.8,101.696067615,95.042152538,34.5,51.8
"Pasquantino, Vinnie",Royals,1,752750,,0,0.0,Vinnie Pasquantino,496,554,130,79,30,2,19,71,40,12.8,7.2,0.262,0.446,0.315,0.761,0.266,0.438,0.325,0.331,0.322,0.173,71.8,20.7,16.1,13.9,36.8,31.7,7.4,12,91.0,14.6,31.9,7.1,46.5,100.997993151,94.970921142,14.5,47.8
"Monasterio, Andruw",Brewers,INF,752500,,0,0.0,Andruw Monasterio,125,142,26,20,5,0,1,40,16,28.2,11.3,0.208,0.272,0.303,0.575,0.211,0.342,0.266,0.291,0.305,0.132,69.1,3.3,9.6,7.5,29.3,23.0,6.7,5,88.1,14.9,36.5,9.4,41.2,98.583089286,93.585745952,24.0,42.5
"Meneses, Joey",Nationals,DH,752000,,0,0.0,Joey Meneses,281,313,65,51,11,0,3,63,21,20.1,6.7,0.231,0.302,0.291,0.593,0.223,0.326,0.264,0.275,0.288,0.104,70.4,11.8,11.8,9.4,34.4,27.4,7.0,8,88.9,8.3,30.8,4.5,39.3,99.265454911,93.867431839,22.9,50.8
"Garcia, Maikel",Royals,3,751250,,0,0.0,Maikel Garcia,575,626,133,94,27,5,7,103,42,16.5,6.7,0.231,0.332,0.281,0.613,0.26,0.366,0.27,0.3,0.31,0.106,70.8,10.8,16.1,14.0,41.0,35.6,7.2,12,90.4,6.4,34.1,3.7,42.8,100.050927426,94.39492241,15.7,43.4
"Serven, Brian",Blue Jays,C,751000,,0,0.0,Brian Serven,63,71,10,6,4,0,0,22,5,31.0,7.0,0.159,0.222,0.243,0.465,0.172,0.265,0.217,0.239,0.255,0.093,70.3,5.9,6.2,4.9,28.4,22.5,7.5,2,84.7,20.6,35.7,2.4,16.7,94.9411335,91.5968815,23.6,47.7
"Adams, Riley",Nationals,C,750900,,0,0.0,Riley Adams,116,130,26,18,5,1,2,35,10,26.9,7.7,0.224,0.336,0.292,0.628,0.219,0.341,0.275,0.281,0.292,0.122,75.5,52.5,16.9,12.6,25.3,18.8,8.1,0,89.9,13.6,30.1,7.2,43.4,101.844362857,95.170948072,28.1,49.5
"Burleson, Alec",Cardinals,OF,750050,,0,0.0,Alec Burleson,547,595,147,106,20,0,21,76,35,12.8,5.9,0.269,0.42,0.314,0.734,0.273,0.435,0.319,0.329,0.32,0.162,71.2,18.0,13.3,11.1,37.1,31.0,7.5,11,89.7,13.6,34.3,6.5,41.7,99.381927173,94.012155751,19.2,55.7
"Neto, Zach",Angels,SS,750000,,0,0.0,Zach Neto,542,602,135,77,34,1,23,140,39,23.3,6.5,0.249,0.443,0.318,0.761,0.236,0.414,0.33,0.317,0.307,0.178,71.0,14.7,13.9,10.4,33.8,25.4,7.1,37,88.5,12.3,29.0,8.4,38.8,100.130832864,94.28058907,27.1,48.9
"Schanuel, Nolan",Angels,1,750000,,0,0.0,Nolan Schanuel,519,607,130,98,19,0,13,103,68,17.0,11.2,0.25,0.362,0.343,0.705,0.254,0.355,0.315,0.318,0.348,0.101,65.2,2.6,5.6,4.9,36.5,31.8,6.6,13,86.1,10.3,36.4,3.5,25.4,95.305191333,91.662606993,14.4,41.8
"Stefanic, Michael",Angels,INF,750000,,0,0.0,Michael Stefanic,110,124,24,20,4,0,0,20,10,16.1,8.1,0.218,0.255,0.301,0.556,0.205,0.256,0.258,0.254,0.289,0.051,64.4,0.6,3.4,3.1,38.1,34.4,6.3,3,85.1,7.0,24.2,1.1,26.4,94.514950889,91.314226629,10.5,41.5
"Wall, Forrest",Braves,OF,750000,,0,0.0,Forrest Wall,32,35,8,8,0,0,0,8,3,22.9,8.6,0.25,0.25,0.314,0.564,0.192,0.252,0.261,0.236,0.261,0.061,69.2,3.9,10.3,5.9,55.2,31.4,6.8,0,89.2,14.2,16.7,0.0,33.3,96.524065,92.592124,36.4,51.2
"Baty, Brett",Mets,3,750000,,0,0.0,Brett Baty,153,171,35,28,3,0,4,42,16,24.6,9.4,0.229,0.327,0.306,0.633,0.211,0.344,0.282,0.282,0.29,0.133,73.5,38.0,8.7,6.5,19.4,14.4,7.6,5,86.6,10.3,27.7,5.4,33.0,99.354530364,93.683074727,26.2,50.9
"Benson, Will",Reds,OF,750000,,0,0.0,Will Benson,343,388,64,29,19,2,14,154,40,39.7,10.3,0.187,0.376,0.274,0.65,0.18,0.333,0.285,0.268,0.268,0.153,72.1,20.8,10.3,6.5,25.8,16.2,7.9,17,89.4,18.2,36.5,11.5,40.1,99.756805263,94.123444,39.0,47.6
"Fairchild, Stuart",Reds,OF,750000,,0,0.0,Stuart Fairchild,209,233,45,29,8,0,8,60,17,25.8,7.3,0.215,0.368,0.286,0.654,0.215,0.376,0.288,0.293,0.287,0.161,70.3,10.1,11.8,7.7,32.7,21.4,7.4,10,85.5,20.5,27.6,7.9,36.8,98.640738472,93.363702378,35.5,50.2
"Martini, Nick",Reds,OF,750000,,0,0.0,Nick Martini,146,163,31,20,4,2,5,38,9,23.3,5.5,0.212,0.37,0.272,0.642,0.214,0.34,0.279,0.276,0.278,0.126,69.8,6.8,9.7,7.6,32.3,25.1,6.9,8,87.4,14.9,32.4,7.2,34.2,98.233857857,93.416418378,24.8,49.6
"Steer, Spencer",Reds,OF,750000,,0,0.0,Spencer Steer,574,656,129,71,34,4,20,137,72,20.9,11.0,0.225,0.402,0.319,0.721,0.235,0.379,0.316,0.315,0.328,0.144,71.6,13.6,12.7,10.0,32.5,25.6,7.4,21,88.0,17.4,34.2,6.4,39.9,99.163434247,93.708755492,23.1,44.5
"Wells, Austin",Yankees,C,750000,,0,0.0,Austin Wells,354,414,81,49,18,1,13,87,47,21.0,11.4,0.229,0.395,0.322,0.717,0.242,0.429,0.315,0.339,0.339,0.187,72.5,22.5,15.7,11.6,30.4,22.5,7.4,13,88.4,17.1,34.5,9.1,38.9,99.723567259,94.070969368,27.3,49.3
"Smith, Josh",Rangers,INF,749500,,0,0.0,Josh Smith,523,592,135,91,30,1,13,121,46,20.4,7.8,0.258,0.394,0.337,0.731,0.242,0.352,0.323,0.304,0.324,0.11,70.1,6.8,11.8,9.2,35.7,27.8,6.8,10,87.8,15.4,33.7,3.7,37.1,98.306997711,93.25999596,21.8,47.1
"Abreu, Wilyer",Red Sox,OF,749500,,0,0.0,Wilyer Abreu,399,447,101,51,33,2,15,125,40,28.0,8.9,0.253,0.459,0.322,0.781,0.229,0.418,0.336,0.317,0.304,0.19,74.6,44.6,16.0,11.8,30.7,22.6,7.4,17,91.6,19.2,33.7,11.1,50.5,101.945020507,95.552365543,29.6,48.1
"Florial, Estevan",Guardians,OF,748500,,0,0.0,Estevan Florial,98,111,17,6,6,2,3,41,11,36.9,9.9,0.173,0.367,0.264,0.631,0.166,0.283,0.277,0.247,0.257,0.116,73.0,30.1,13.5,8.1,27.0,16.1,7.1,0,88.7,12.8,36.2,10.3,41.4,99.259345517,93.884180351,42.2,51.1
"Turang, Brice",Brewers,2,748200,,0,0.0,Brice Turang,559,619,142,107,24,4,7,105,50,17.0,8.1,0.254,0.349,0.316,0.665,0.261,0.34,0.294,0.297,0.323,0.079,66.2,3.5,6.2,5.4,33.8,29.2,6.1,12,87.0,6.1,32.0,2.4,29.7,96.869333063,92.521821874,13.8,47.7
"Bailey, Patrick",Giants,C,747500,,0,0.0,Patrick Bailey,401,448,94,69,16,1,8,100,39,22.3,8.7,0.234,0.339,0.298,0.637,0.258,0.398,0.281,0.319,0.324,0.141,71.3,13.2,15.6,12.1,36.2,28.1,7.3,9,91.3,12.1,37.9,5.5,43.0,100.739347483,94.770639073,23.4,48.1
"Davis, Henry",Pirates,C,747500,,0,0.0,Henry Davis,104,122,15,10,4,0,1,45,13,36.9,10.7,0.144,0.212,0.242,0.454,0.156,0.227,0.213,0.226,0.254,0.071,72.5,25.7,6.0,3.9,22.4,14.5,7.4,5,85.3,17.2,29.0,4.8,35.5,97.637210645,92.897598852,36.3,47.0
"Walker, Jordan",Cardinals,OF,747450,,0,0.0,Jordan Walker,164,178,33,17,10,1,5,50,10,28.1,5.6,0.201,0.366,0.253,0.619,0.211,0.363,0.268,0.278,0.265,0.152,77.3,72.0,19.1,13.6,28.7,20.5,8.2,9,91.2,9.4,29.3,9.5,43.1,101.753692241,95.20491069,31.6,49.6
"Short, Zack",Mets,INF,747300,,0,0.0,Zack Short,70,88,9,6,3,0,0,24,14,27.3,15.9,0.129,0.171,0.282,0.453,0.169,0.25,0.228,0.271,0.315,0.081,70.0,3.2,4.4,3.2,30.0,21.8,7.0,2,88.6,21.2,34.7,4.1,26.5,96.634716957,92.551010889,26.6,40.4
"Meadows, Parker",Tigers,OF,746900,,0,0.0,Parker Meadows,270,298,66,39,12,6,9,76,25,25.5,8.4,0.244,0.433,0.31,0.743,0.229,0.378,0.321,0.298,0.297,0.15,70.5,9.8,11.4,8.6,31.5,23.7,7.2,15,87.0,18.5,34.7,7.7,32.3,97.956970619,93.056795751,27.0,45.5
"Julien, Edouard",Twins,2,746750,,0,0.0,Edouard Julien,266,301,53,36,9,0,8,102,33,33.9,11.0,0.199,0.323,0.292,0.615,0.197,0.351,0.278,0.287,0.291,0.154,71.9,17.0,12.7,9.0,28.2,20.0,7.1,10,87.8,11.9,38.4,9.8,37.8,98.889968415,93.491651402,30.9,40.6
"Frelick, Sal",Brewers,OF,746500,,0,0.0,Sal Frelick,475,524,123,95,22,4,2,78,39,14.9,7.4,0.259,0.335,0.32,0.655,0.246,0.304,0.292,0.278,0.308,0.058,66.3,2.6,6.0,5.3,36.1,31.7,6.9,10,83.4,9.7,30.0,0.8,19.5,94.439757846,91.272403907,12.9,41.5
"Amaya, Miguel",Cubs,C,746500,,0,0.0,Miguel Amaya,328,363,76,53,13,2,8,62,23,17.1,6.3,0.232,0.357,0.288,0.645,0.251,0.371,0.283,0.3,0.306,0.12,72.9,32.4,11.9,9.5,29.4,23.4,7.2,6,88.4,11.1,33.9,4.7,33.9,99.101174286,93.708861353,22.5,54.0
"Mastrobuoni, Miles",Cubs,INF,746000,,0,0.0,Miles Mastrobuoni,98,106,19,16,3,0,0,17,7,16.0,6.6,0.194,0.224,0.245,0.469,0.264,0.362,0.214,0.297,0.311,0.097,66.8,2.3,5.8,4.5,46.2,36.4,6.5,1,87.4,13.9,32.9,2.4,31.7,96.319052927,92.222572963,20.3,41.5
"Westburg, Jordan",Orioles,2,745800,,0,0.0,Jordan Westburg,416,447,110,61,26,5,18,97,22,21.7,4.9,0.264,0.481,0.312,0.793,0.281,0.491,0.34,0.353,0.328,0.21,71.0,10.8,16.6,11.9,37.5,27.1,6.8,17,91.1,13.1,37.4,11.8,46.1,101.801873375,95.272487,29.3,51.0
"Lewis, Royce",Twins,3,745700,,0,0.0,Royce Lewis,292,325,68,36,16,0,16,74,28,22.8,8.6,0.233,0.452,0.295,0.747,0.246,0.435,0.317,0.32,0.309,0.189,73.3,36.1,12.7,9.4,26.6,19.7,7.7,13,87.1,16.8,36.3,11.2,37.7,99.690144144,93.856491441,27.0,51.9
"Wallner, Matt",Twins,OF,745550,,0,0.0,Matt Wallner,220,261,57,26,17,1,13,95,24,36.4,9.2,0.259,0.523,0.372,0.895,0.234,0.468,0.385,0.358,0.351,0.233,77.3,73.5,18.4,11.8,24.1,15.4,7.3,15,92.8,21.6,38.1,17.5,53.2,104.61196127,96.920236746,38.4,47.8
"Palacios, Richie",Rays,OF,745200,,0,0.0,Richie Palacios,264,316,59,45,8,1,5,67,45,21.2,14.2,0.223,0.318,0.346,0.664,0.249,0.342,0.303,0.325,0.369,0.093,68.9,4.2,8.5,6.6,29.6,22.9,7.0,9,86.2,14.0,36.4,3.5,30.3,96.843483131,92.444278274,24.7,46.7
"Bride, Jonah",Marlins,INF,745000,,0,0.0,Jonah Bride,232,272,64,43,10,0,11,55,30,20.2,11.0,0.276,0.461,0.357,0.818,0.224,0.334,0.351,0.297,0.319,0.11,67.9,5.0,8.8,7.6,35.5,30.5,7.2,7,87.1,11.8,29.9,5.4,33.7,97.444142826,92.857149348,16.7,38.2
"Trejo, Alan",Rockies,2,745000,,0,0.0,Alan Trejo,63,67,9,9,0,0,0,15,2,22.4,3.0,0.143,0.143,0.182,0.325,0.185,0.242,0.152,0.208,0.222,0.058,66.0,2.1,6.5,5.2,41.6,33.0,7.1,2,86.5,13.4,26.5,2.0,24.5,96.015786087,92.100694348,25.8,57.9
"Allen, Nick",Athletics,SS,745000,,0,0.0,Nick Allen,97,105,17,12,4,0,1,20,5,19.0,4.8,0.175,0.247,0.216,0.463,0.202,0.246,0.207,0.22,0.241,0.044,65.0,0.0,4.6,3.9,35.8,30.7,6.5,7,84.4,8.9,25.0,1.3,17.5,93.887057838,90.966985405,18.8,49.4
"Bleday, JJ",Athletics,OF,745000,,0,0.0,JJ Bleday,572,642,139,72,43,4,20,125,67,19.5,10.4,0.243,0.437,0.324,0.761,0.242,0.4,0.33,0.319,0.324,0.157,71.7,16.5,15.5,11.8,35.0,26.5,7.3,24,88.5,18.6,37.1,8.3,36.2,98.959573229,93.527316345,26.1,45.3
"Langeliers, Shea",Athletics,C,745000,,0,0.0,Shea Langeliers,482,534,108,59,18,2,29,145,41,27.2,7.7,0.224,0.45,0.288,0.738,0.241,0.456,0.315,0.328,0.305,0.215,74.1,42.0,17.7,12.9,32.5,23.7,7.3,7,91.3,16.3,35.3,12.8,44.0,102.05460686,95.451719446,29.2,49.5
"Noda, Ryan",Athletics,1,745000,,0,0.0,Ryan Noda,95,111,13,8,4,0,1,37,14,33.3,12.6,0.137,0.211,0.255,0.466,0.158,0.263,0.223,0.25,0.274,0.106,72.3,26.4,13.4,9.3,24.7,17.1,7.6,5,86.2,16.0,23.7,5.1,33.9,98.772266786,93.479950357,33.8,42.1
"Ruiz, Esteury",Athletics,OF,745000,,0,0.0,Esteury Ruiz,55,65,11,6,2,1,2,20,4,30.8,6.2,0.2,0.382,0.27,0.652,0.181,0.341,0.281,0.281,0.263,0.16,72.4,31.5,13.1,8.7,27.9,18.5,7.6,2,87.7,17.1,28.2,10.3,35.9,98.156481053,93.251287027,30.1,50.0
"Rojas, Johan",Phillies,OF,745000,,0,0.0,Johan Rojas,338,363,82,64,12,3,3,69,13,19.0,3.6,0.243,0.322,0.279,0.601,0.225,0.292,0.265,0.25,0.262,0.067,71.3,20.9,12.5,9.7,32.2,24.9,7.3,12,85.7,4.8,22.0,2.5,27.4,97.163679462,92.590351731,22.7,48.8
"Triolo, Jared",Pirates,2,745000,,0,0.0,Jared Triolo,394,446,85,65,10,1,9,118,42,26.5,9.4,0.216,0.315,0.296,0.611,0.224,0.332,0.275,0.289,0.307,0.108,70.5,6.2,12.8,9.7,30.3,22.8,7.8,19,88.4,13.4,38.8,5.3,39.1,99.388421871,93.892534424,27.4,47.7
"Williams, Alika",Pirates,INF,745000,,0,0.0,Alika Williams,87,96,18,12,4,2,0,22,3,22.9,3.1,0.207,0.299,0.242,0.541,0.226,0.306,0.237,0.251,0.26,0.08,69.6,2.3,8.9,7.0,28.7,22.5,7.0,1,87.2,15.7,38.6,4.3,27.1,96.808036364,92.542401077,23.1,51.5
"Carter, Evan",Rangers,OF,745000,,0,0.0,Evan Carter,144,162,27,14,6,2,5,43,15,26.5,9.3,0.188,0.361,0.272,0.633,0.208,0.332,0.278,0.281,0.291,0.124,71.0,15.6,13.5,10.6,31.2,24.4,7.1,2,86.0,13.9,33.3,5.9,32.4,97.157820196,92.58927951,23.4,38.3
"Jones, Nolan",Rockies,OF,745000,,0,0.0,Nolan Jones,256,297,58,41,13,1,3,91,36,30.6,12.1,0.227,0.32,0.321,0.641,0.211,0.322,0.287,0.287,0.31,0.111,70.7,17.0,10.7,8.2,31.3,23.9,6.7,8,88.2,7.8,34.3,5.9,44.4,100.556302024,94.528500893,25.6,40.0
"Montero, Elehuris",Rockies,1,745000,,0,0.0,Elehuris Montero,224,247,46,32,10,0,4,56,20,22.7,8.1,0.205,0.304,0.267,0.571,0.208,0.324,0.254,0.269,0.274,0.116,75.1,53.1,15.2,10.7,28.6,20.2,7.6,10,89.5,17.0,27.5,7.6,41.5,100.877618721,94.67846193,30.3,54.1
"Schneider, Davis",Blue Jays,INF,744900,,0,0.0,Davis Schneider,397,454,76,43,19,1,13,144,47,31.7,10.4,0.191,0.343,0.282,0.625,0.198,0.358,0.277,0.292,0.292,0.16,69.8,6.1,10.4,7.6,30.1,22.0,6.9,25,88.6,21.4,38.0,12.0,38.0,98.986742636,93.569243488,30.6,42.5
"Brennan, Will",Guardians,OF,744900,,0,0.0,Will Brennan,330,353,87,64,13,2,8,48,19,13.6,5.4,0.264,0.388,0.309,0.697,0.269,0.374,0.303,0.302,0.314,0.105,69.0,3.2,9.7,8.1,34.1,28.5,6.9,22,86.0,13.3,31.1,4.6,32.5,97.132881418,92.582691388,18.1,54.8
"Fermin, Freddy",Royals,C,744500,,0,0.0,Freddy Fermin,339,368,92,72,14,0,6,66,23,17.9,6.3,0.271,0.366,0.319,0.685,0.244,0.334,0.3,0.279,0.294,0.09,70.8,9.8,11.1,8.9,32.9,26.3,7.5,21,88.2,11.1,29.2,3.2,33.9,97.931397537,93.085600262,23.0,51.0
"Rosario, Eguy",Padres,INF,744400,,0,0.0,Eguy Rosario,53,57,13,4,6,0,3,20,2,35.1,3.5,0.245,0.528,0.286,0.814,0.196,0.392,0.345,0.274,0.239,0.196,72.5,26.0,17.4,11.0,37.0,23.3,7.8,2,89.2,12.9,41.2,14.7,47.1,100.516977059,94.79073697,41.9,46.5
"Mitchell, Garrett",Brewers,OF,744300,,0,0.0,Garrett Mitchell,196,224,50,27,12,3,8,71,25,31.7,11.2,0.255,0.469,0.342,0.811,0.232,0.374,0.351,0.312,0.322,0.142,75.7,59.3,17.3,11.2,27.0,17.5,7.4,9,88.8,2.8,34.6,8.7,37.0,100.952074833,94.510744,34.8,44.4
"Arias, Gabriel",Guardians,INF,744100,,0,0.0,Gabriel Arias,153,161,34,21,9,1,3,53,6,32.9,3.7,0.222,0.353,0.255,0.608,0.221,0.368,0.263,0.274,0.256,0.147,74.5,47.5,14.2,8.8,25.1,15.6,7.6,8,89.7,5.6,35.6,7.9,36.6,101.274794118,94.824434059,38.4,60.9
"Blanco, Dairon",Royals,OF,743750,,0,0.0,Dairon Blanco,120,132,31,23,4,0,4,32,8,24.2,6.1,0.258,0.392,0.308,0.7,0.212,0.37,0.306,0.279,0.265,0.158,74.1,43.4,18.5,12.8,31.9,21.9,7.5,7,89.0,8.6,26.7,7.8,37.8,99.654640732,94.051881852,32.9,52.3
"Canzone, Dominic",Mariners,OF,743700,,0,0.0,Dominic Canzone,168,188,33,18,7,0,8,53,18,28.2,9.6,0.196,0.381,0.271,0.652,0.215,0.426,0.28,0.307,0.289,0.211,72.4,26.6,17.8,12.5,34.6,24.2,7.6,5,89.9,9.1,31.6,11.1,44.4,101.759585593,95.324768718,34.4,52.2
"Rafaela, Ceddanne",Red Sox,OF,743500,,0,0.0,Ceddanne Rafaela,544,571,134,91,23,5,15,151,15,26.4,2.6,0.246,0.39,0.274,0.664,0.229,0.368,0.286,0.273,0.259,0.139,70.1,6.8,11.5,7.9,30.5,20.9,7.5,24,86.6,14.9,34.9,7.5,36.9,98.205036294,93.166643181,33.0,61.9
"Valdez, Enmanuel",Red Sox,2,743500,,0,0.0,Enmanuel Valdez,201,223,43,25,12,0,6,53,17,23.8,7.6,0.214,0.363,0.27,0.633,0.234,0.407,0.275,0.304,0.292,0.174,70.4,10.5,11.0,8.6,32.5,25.6,7.5,2,89.4,19.3,32.0,9.2,41.8,99.9120656,94.1331724,22.1,43.9
"Edwards, Xavier",Marlins,2,743000,,0,0.0,Xavier Edwards,265,303,87,69,12,5,1,52,33,17.2,10.9,0.328,0.423,0.397,0.82,0.252,0.321,0.359,0.296,0.333,0.069,64.5,0.2,5.1,4.3,37.4,31.5,6.3,14,86.1,6.7,37.6,1.8,24.3,95.052217333,91.536547476,16.9,47.5
"Fletcher, Dominic",White Sox,OF,742900,,0,0.0,Dominic Fletcher,223,241,46,37,8,0,1,58,11,24.1,4.6,0.206,0.256,0.252,0.508,0.219,0.282,0.227,0.244,0.265,0.063,66.7,0.3,8.5,6.8,33.3,26.6,6.5,2,84.4,12.1,38.7,1.8,26.8,95.808053494,91.934485697,21.2,47.2
"Cowser, Colton",Orioles,OF,742800,,0,0.0,Colton Cowser,499,561,121,70,24,3,24,172,52,30.7,9.3,0.242,0.447,0.321,0.768,0.23,0.437,0.331,0.326,0.312,0.207,73.8,40.7,17.0,12.4,31.0,22.7,6.9,23,90.5,13.0,32.1,13.6,46.1,101.838992303,95.374243739,30.4,44.5
"Aranda, Jonathan",Rays,INF,742800,,0,0.0,Jonathan Aranda,128,143,30,17,7,0,6,32,12,22.4,8.4,0.234,0.43,0.308,0.738,0.257,0.518,0.32,0.362,0.329,0.261,70.1,9.2,14.7,12.0,34.5,28.1,7.3,5,91.9,11.0,34.0,16.5,48.5,101.531383265,95.365481959,21.9,45.4
"Thompson, Bubba",Reds,OF,742500,,0,0.0,Bubba Thompson,18,18,2,1,1,0,0,11,0,61.1,0.0,0.111,0.167,0.111,0.278,0.165,0.266,0.119,0.188,0.165,0.101,69.9,0.0,15.4,5.9,30.8,11.8,7.6,0,85.7,-9.6,28.6,14.3,28.6,94.7179175,92.04236,54.5,57.1
"De La Cruz, Elly",Reds,SS,742500,,0,0.0,Elly De La Cruz,618,696,160,89,36,10,25,218,69,31.3,9.9,0.259,0.471,0.339,0.81,0.24,0.428,0.349,0.328,0.322,0.188,75.2,54.0,19.1,13.4,31.8,22.2,7.3,31,91.8,9.7,35.7,12.7,45.7,102.95535404,95.90272362,33.4,43.4
"DeLuca, Jonny",Rays,OF,742400,,0,0.0,Jonny DeLuca,332,362,72,50,12,4,6,77,24,21.3,6.6,0.217,0.331,0.278,0.609,0.23,0.318,0.269,0.272,0.289,0.088,70.8,11.2,8.0,6.2,26.1,20.3,7.6,11,84.6,16.2,32.7,3.9,28.0,96.24111608,92.14905868,24.0,53.8
"Mead, Curtis",Rays,INF,742300,,0,0.0,Curtis Mead,122,132,29,25,3,0,1,30,6,22.7,4.5,0.238,0.287,0.282,0.569,0.24,0.349,0.255,0.28,0.285,0.11,74.0,42.7,15.9,13.0,28.0,22.9,7.3,3,88.8,16.3,36.6,4.3,36.6,99.411624468,93.833557742,23.5,52.4
"Winn, Masyn",Cardinals,SS,742250,,0,0.0,Masyn Winn,587,637,157,105,32,5,15,109,41,17.1,6.4,0.267,0.416,0.314,0.73,0.256,0.358,0.315,0.293,0.305,0.102,70.2,11.5,12.0,9.9,32.2,26.5,7.3,14,87.0,13.2,33.5,3.7,32.7,98.144268452,93.085870398,19.0,47.0
"Kessinger, Grae",Astros,INF,742100,,0,0.0,Grae Kessinger,21,25,0,0,0,0,0,7,3,28.0,12.0,0.0,0.0,0.16,0.16,0.116,0.207,0.112,0.226,0.257,0.091,69.4,4.4,0.0,0.0,27.6,17.8,7.1,2,85.1,11.0,21.4,0.0,21.4,94.793235714,91.832112143,36.5,45.2
"Naylor, Bo",Guardians,C,742100,,0,0.0,Bo Naylor,354,389,71,46,10,2,13,122,29,31.4,7.5,0.201,0.35,0.264,0.614,0.196,0.326,0.269,0.26,0.26,0.13,70.6,9.8,12.9,9.5,31.3,23.2,7.4,20,88.8,19.9,32.6,8.1,37.7,98.72815,93.535266567,28.3,46.9
"Freeman, Tyler",Guardians,OF,742000,,0,0.0,Tyler Freeman,330,383,69,47,14,1,7,53,28,13.8,7.3,0.209,0.321,0.305,0.626,0.236,0.338,0.283,0.302,0.329,0.102,71.7,17.4,13.7,11.6,36.0,30.5,7.2,5,87.7,13.0,30.7,3.2,34.6,98.573015071,93.423975986,16.4,46.9
"Grissom, Vaughn",Red Sox,2,742000,,0,0.0,Vaughn Grissom,105,114,20,17,3,0,0,24,7,21.1,6.1,0.19,0.219,0.246,0.465,0.254,0.337,0.213,0.287,0.305,0.083,69.1,5.1,12.1,9.7,31.9,25.7,7.3,6,86.1,8.3,41.5,4.9,32.9,97.751728293,92.913035244,22.4,45.4
"Doyle, Brenton",Rockies,OF,742000,,0,0.0,Brenton Doyle,542,603,141,90,24,4,23,153,46,25.4,7.6,0.26,0.446,0.317,0.763,0.254,0.436,0.328,0.329,0.315,0.182,70.9,8.1,15.2,10.8,34.3,24.3,7.4,20,89.2,13.2,37.4,10.5,41.4,100.983223096,94.67619269,29.8,51.4
"Toglia, Michael",Rockies,1,742000,,0,0.0,Michael Toglia,399,458,87,45,14,3,25,147,54,32.1,11.8,0.218,0.456,0.311,0.767,0.244,0.503,0.329,0.358,0.334,0.259,73.2,29.3,18.5,12.5,31.8,21.4,7.5,21,92.1,15.1,39.2,17.3,50.2,102.673791797,96.069366471,34.9,45.1
"Loftin, Nick",Royals,INF,741900,,0,0.0,Nick Loftin,148,171,28,23,4,0,1,24,19,14.0,11.1,0.189,0.236,0.282,0.518,0.225,0.305,0.242,0.283,0.314,0.079,69.5,2.3,9.2,8.1,33.7,29.7,7.4,3,83.6,9.9,30.7,3.1,26.0,95.328331587,91.737416905,15.3,42.8
"Fitzgerald, Tyler",Giants,INF,741875,,0,0.0,Tyler Fitzgerald,314,341,88,52,19,2,15,108,22,31.7,6.5,0.28,0.497,0.334,0.831,0.227,0.378,0.357,0.292,0.286,0.151,70.5,7.1,11.0,7.6,31.6,22.0,7.4,3,87.7,20.2,39.1,8.2,31.9,97.5779034,92.79850055,31.2,47.7
"Lee, Korey",White Sox,C,741850,,0,0.0,Korey Lee,377,394,79,52,14,1,12,122,17,31.0,4.3,0.21,0.347,0.244,0.591,0.212,0.338,0.257,0.256,0.246,0.126,71.4,14.1,14.2,9.1,30.1,19.4,7.2,16,88.3,9.6,34.1,7.5,37.6,99.5141412,93.7992936,37.1,58.9
"Ortiz, Joey",Brewers,INF,741500,,0,0.0,Joey Ortiz,440,511,105,63,25,6,11,103,56,20.2,11.0,0.239,0.398,0.329,0.727,0.234,0.343,0.319,0.305,0.328,0.109,73.4,34.8,12.4,10.5,26.5,22.5,7.5,8,87.8,9.9,26.6,4.6,38.4,99.391509467,93.766433018,17.1,39.4
"Busch, Michael",Cubs,DH,741500,,0,0.0,Michael Busch,496,567,123,72,28,2,21,162,63,28.6,11.1,0.248,0.44,0.335,0.775,0.217,0.418,0.336,0.319,0.309,0.202,70.3,11.3,13.3,9.6,35.0,25.2,7.3,18,89.9,17.2,36.4,11.2,39.9,99.992212321,94.35127744,28.4,45.2
"Jones, Jahmai",Yankees,INF,741200,,0,0.0,Jahmai Jones,42,47,10,7,1,1,1,16,2,34.0,4.3,0.238,0.381,0.304,0.685,0.192,0.322,0.302,0.263,0.262,0.13,73.0,28.8,16.2,11.5,35.1,25.0,7.7,1,85.2,15.8,29.6,7.4,40.7,100.023084615,94.240694615,30.9,44.7
"Fry, David",Guardians,C,741100,,0,0.0,David Fry,335,392,88,55,18,1,14,84,42,21.4,10.7,0.263,0.448,0.356,0.804,0.246,0.394,0.347,0.326,0.344,0.149,70.5,9.2,12.7,9.9,29.3,22.9,7.8,20,88.3,19.6,36.9,7.5,37.6,99.146678031,93.715471417,24.8,49.2
"Shewmake, Braden",White Sox,SS,740350,,0,0.0,Braden Shewmake,64,67,8,5,2,0,1,10,1,14.9,1.5,0.125,0.203,0.134,0.337,0.172,0.246,0.144,0.188,0.184,0.074,69.6,5.0,3.3,2.5,34.4,26.3,7.1,0,86.5,14.3,28.6,3.6,26.8,95.829561786,92.007375636,26.3,55.1
"Rocchio, Brayan",Guardians,SS,740200,,0,0.0,Brayan Rocchio,383,442,79,53,18,0,8,90,44,20.4,10.0,0.206,0.316,0.298,0.614,0.21,0.302,0.276,0.275,0.302,0.092,69.5,3.2,7.9,6.1,30.8,23.8,7.3,10,84.6,9.4,36.0,4.0,22.3,95.744136806,91.872068403,24.3,47.9
"McCann, Kyle",Athletics,C,740000,,0,0.0,Kyle McCann,140,157,33,24,4,0,5,59,16,37.6,10.2,0.236,0.371,0.318,0.689,0.184,0.351,0.304,0.274,0.273,0.167,73.6,37.2,16.8,9.6,35.0,20.0,7.8,9,89.6,12.5,30.9,12.3,38.3,100.534877805,94.549176173,45.2,45.9
"Dunn, Oliver",Brewers,INF,740000,,0,0.0,Oliver Dunn,95,104,21,16,2,2,1,40,6,38.5,5.8,0.221,0.316,0.282,0.598,0.207,0.318,0.266,0.263,0.269,0.111,75.2,55.4,11.5,7.2,31.0,19.4,7.6,2,89.1,6.6,33.9,5.4,46.4,100.995258519,94.782023333,36.2,44.3
"Barnhart, Tucker",Diamondbacks,C,740000,,0,0.0,Tucker Barnhart,81,96,14,11,3,0,0,31,13,32.3,13.5,0.173,0.21,0.287,0.497,0.166,0.218,0.239,0.24,0.282,0.052,67.4,2.5,8.4,5.9,31.3,21.8,7.4,2,83.4,3.2,34.6,3.8,23.1,94.614894167,91.53708766,29.8,40.3
"Langford, Wyatt",Rangers,OF,740000,,0,0.0,Wyatt Langford,499,557,126,81,25,4,16,115,51,20.6,9.2,0.253,0.415,0.325,0.74,0.257,0.427,0.321,0.331,0.33,0.17,74.5,48.2,18.4,14.2,31.7,24.4,7.0,8,89.6,16.6,31.3,9.3,43.4,101.211098854,94.807365599,22.9,42.8
"Shenton, Austin",Rays,3,740000,,0,0.0,Austin Shenton,42,50,9,3,5,0,1,14,8,28.0,16.0,0.214,0.405,0.34,0.745,0.2,0.294,0.33,0.288,0.328,0.093,68.9,1.6,6.5,4.7,34.8,25.0,7.2,0,83.9,15.5,50.0,3.6,25.0,94.712728571,91.462829286,35.7,39.6
"Marte, Noelvi",Reds,3,740000,,0,0.0,Noelvi Marte,229,242,48,35,9,0,4,75,9,31.0,3.7,0.21,0.301,0.248,0.549,0.225,0.346,0.243,0.268,0.263,0.12,73.1,33.6,12.5,8.6,26.8,18.5,7.5,8,87.0,11.4,33.5,6.5,36.1,98.631095256,93.351013935,32.1,54.1
"Butler, Lawrence",Athletics,OF,740000,,0,0.0,Lawrence Butler,412,451,108,60,24,2,22,108,35,23.9,7.8,0.262,0.49,0.317,0.807,0.261,0.471,0.345,0.342,0.319,0.21,74.2,43.6,17.6,13.1,32.1,23.9,7.1,12,91.1,11.3,35.1,11.0,47.4,101.824301046,95.302256275,26.9,47.7
"Gelof, Zack",Athletics,2,740000,,0,0.0,Zack Gelof,497,547,105,66,20,2,17,188,38,34.4,6.9,0.211,0.362,0.27,0.632,0.199,0.347,0.276,0.271,0.262,0.148,71.6,11.7,12.0,7.8,30.4,19.8,7.3,23,89.2,14.2,34.4,8.8,37.2,98.970921935,93.611147032,36.4,51.5
"Hernaiz, Darell",Athletics,INF,740000,,0,0.0,Darell Hernaiz,120,135,23,19,3,0,1,27,11,20.0,8.1,0.192,0.242,0.261,0.503,0.228,0.283,0.23,0.271,0.302,0.055,68.6,4.1,13.2,10.4,37.1,29.0,7.1,6,87.1,10.8,30.2,1.0,33.3,97.671361702,92.890300968,24.9,46.5
"Scott II, Victor",Cardinals,OF,740000,,0,0.0,Victor Scott II,145,155,26,15,9,0,2,42,6,27.1,3.9,0.179,0.283,0.219,0.502,0.205,0.309,0.221,0.246,0.245,0.104,69.1,7.0,12.3,9.5,33.8,26.1,6.7,7,88.4,12.1,33.3,5.7,33.3,98.5566202,93.434588081,26.1,50.5
"Alexander, Blaze",Diamondbacks,INF,740000,,0,0.0,Blaze Alexander,166,185,41,31,7,0,3,49,15,26.5,8.1,0.247,0.343,0.321,0.664,0.204,0.281,0.298,0.258,0.282,0.077,73.1,30.4,11.5,8.1,28.2,19.9,7.3,6,88.5,8.5,22.9,3.4,34.7,98.808795,93.553851293,29.6,51.5
"Merrill, Jackson",Padres,OF,740000,,0,0.0,Jackson Merrill,554,593,162,101,31,6,24,101,29,17.0,4.9,0.292,0.5,0.326,0.826,0.3,0.531,0.352,0.369,0.334,0.231,72.2,21.3,15.2,12.3,30.4,24.6,7.5,30,90.4,14.6,39.6,11.3,43.9,100.811784978,94.735707484,20.5,56.9
"Pauley, Graham",Padres,3,740000,,0,0.0,Graham Pauley,32,32,4,2,0,0,2,15,0,46.9,0.0,0.125,0.313,0.125,0.438,0.174,0.322,0.183,0.213,0.174,0.148,67.8,4.3,13.9,10.9,16.7,13.0,6.9,1,85.8,17.7,47.1,5.9,52.9,98.919044444,93.780670588,27.8,51.4
"Encarnacion-Strand, Christian",Reds,1,740000,,0,0.0,Christian Encarnacion-Strand,116,123,22,14,6,0,2,35,4,28.5,3.3,0.19,0.293,0.22,0.513,0.24,0.432,0.223,0.299,0.268,0.192,71.3,15.6,12.6,9.6,29.1,22.2,7.2,1,87.8,15.5,27.7,8.4,37.3,99.937348049,94.262071341,29.4,55.9
